,Region_1,Region_2,Region_3,Region_4,Region_5,Region_6,Region_7,Region_8,Region_9,Region_10,Region_11,Region_12,Region_13,Region_14,Region_15,Region_16,Region_17,Region_18,Region_19,Region_20,Region_21,Region_22,Region_23,Region_24,Region_25,Region_26,Region_27,Region_28,Region_29,Region_30,Region_31,Region_32,Region_33,Region_34,Region_35,Region_36
CP_0,30.513911000395566,43.986850650620696,59.87457275723452,97.97194763456747,78.83503629295389,112.48806983755796,43.5496944084024,61.40370723610853,100.7946066017363,86.29172149446424,93.2611803076587,111.09607489369242,59.54487318592466,69.71048158708811,86.24650099552758,69.24209107139701,117.69438227259843,125.31679234784376,110.43611867973473,119.45621000941772,133.8057005335845,118.61583766836227,93.90140039253274,88.1003185800318,103.60152236119873,112.09494304079408,135.98355388962662,142.9704837357464,80.45822232973006,97.94901427419833,120.32744765820024,126.76445361094638,141.77305767274012,135.89648310510304,113.35023052660465,158.168424617936
CP_1,41.825096721890105,29.5632123858493,28.98429554249277,66.14039053658689,47.00347919497331,80.65651273957738,57.50388106140894,69.58987842430955,68.96304950375573,62.73621224366117,70.84010623436885,86.8705706333586,44.54533577707656,47.28940751379825,64.77666860734833,61.86898169503666,85.86282517461785,93.48523524986318,88.01504460644487,97.03513593612784,111.38462646029463,104.95187154009196,81.11137976177257,80.72720920367145,96.28056874573193,99.30492241003392,111.69088655570981,120.54940966245651,88.64439351793106,104.34755557628434,113.00649404273344,114.17633886674089,128.10909154446983,122.23251697683273,119.74877182869065,136.71254038313697
CP_2,79.65405966991462,63.2676444208809,47.37992231426708,27.451830872308904,33.787790407352595,38.83469272128723,86.31184789232493,95.36121176203565,44.85270832453641,46.60941741721609,63.43825388126455,62.76022945413928,70.31666911480268,63.19065732459222,70.92434265552606,87.64031503276277,54.881243719782816,69.37489407064385,80.61319225334057,81.08314608585628,95.43263661002307,97.55001918698765,87.2590538099503,96.16928101198243,111.72264055404293,105.45259645821164,87.58054537649048,103.43935843108564,111.32028793256997,119.78962738459532,127.96393594919749,120.32401291491861,112.24702271268282,114.83066462372842,135.19084363700165,119.60248915176611
CP_3,113.86547661678871,97.479061367755,81.59133926114117,43.49396438380822,62.6308757254218,32.39435051708927,120.52326483919904,129.57262870890978,60.894841836035724,70.24472479238393,87.07356125643238,70.27890647904994,104.52808606167679,86.82596469976006,94.5596500306939,111.56405995482447,45.399028525945944,62.7349204901357,93.38519435734258,88.60182311076694,101.96755798551408,110.32202129098967,110.89436118511814,119.80458838715029,135.3053373043906,119.0698513035964,80.94057179598232,96.79938485057748,134.95559530773784,143.42493475976318,141.58119079458226,133.94126776030336,118.78194408817384,127.0721894155043,158.8261510121695,112.96251557125795
CP_4,12.306346792226757,10.904562701780154,26.79228480839398,64.88965968572693,45.75274834411334,79.40578188871741,27.985131131745593,45.83914395945172,67.71231865289576,53.209433545623696,60.17889235881816,78.01378694485187,27.596642794388302,36.628193638247566,54.11545473179764,44.9202887123484,84.61209432375789,92.2345043990032,77.35383073089419,86.37392206057716,100.72341258474394,94.29065766454127,69.57959803348413,63.77851622098319,79.33187576304368,87.77314068174547,102.90126594078606,109.88819578690583,64.89365905307324,82.3844509975415,96.0578010600452,102.49480701279133,117.44787766891915,111.57130310128204,97.78566724994782,126.0513265075863
CP_5,44.20075920183409,27.81434395280037,11.926621846186546,33.840426504873165,14.703515163259587,48.356548707863645,50.858547424244406,59.90791129395514,36.66308547204201,30.43624821194745,47.26508467599591,54.57060660164488,34.86336864672215,30.231733817492028,47.7189949110421,52.18701456468225,53.56286114290414,61.18527121814946,64.44002304807194,72.89352323336189,87.24301375752867,81.37684998171902,64.05370606546634,71.04524207331704,86.59860161537753,82.24724871372769,79.3909225239961,95.24973557859126,78.96242638757667,94.66558844592993,103.32452691237904,97.11866517043465,104.05739986018844,98.65749541845979,110.06680469833624,111.41286629927173
CP_6,81.74126077811025,65.35484552907653,49.467123422462706,11.369748545129756,30.506659886743336,11.341850710138226,88.39904900052056,97.4484128702313,28.770625997357264,38.12050895370547,54.949345417753925,46.678147126960134,72.40387022299831,54.7017488610816,62.435434192015435,79.43984411614602,27.388401708633815,44.72429367282357,69.78443500525277,65.00106375867713,79.35055428284392,86.72126193889986,78.77014534643968,87.68037254847181,103.2337320905323,95.46909195150658,62.9299449786702,78.78875803326537,102.83137946905934,111.3007189210847,117.98043144249243,110.34050840821355,96.16494038550368,104.00190737564063,126.70193517349101,94.95188875394584
CP_7,11.441934330752789,27.828349579786504,43.716071686400326,81.81344656373328,62.676535222119696,96.32956876672377,12.841600808180328,30.695613635886456,80.35759337304957,63.55455287684299,70.52401169003745,88.35890627607117,28.83677958570258,46.97331296946686,55.53840739530552,38.53399747117494,97.2573690439117,104.87977911915702,81.11257639916022,96.71904139179647,104.75916269540986,87.9077440681402,63.193306792310665,57.392224979809725,72.89342876097665,81.386849440572,113.24638527200537,120.23331511812513,49.75012872950798,67.24092067397625,89.61935405797816,96.05636001072429,111.06496407251808,105.18838950488097,82.64213692638256,127.46033101771398
CP_8,30.46732895599191,28.839541615094458,41.175334392467796,79.27270926980074,60.13579792818716,93.78883147279123,27.23757968449005,42.11652189232314,76.65226288458695,59.84922238838037,66.81868120157483,84.65357578760855,25.793936966143907,43.26798248100424,57.46093545012251,40.456525525991935,93.55203855544907,101.17444863069439,83.03510445397723,93.01371090333383,106.68169075022686,89.8302721229572,65.11583484712766,59.31475303462672,74.8681125766872,83.30937749538901,109.54105478354273,116.5279846296625,61.17103698594467,78.66182893041294,91.5940378736887,98.03104382643484,112.98749212733506,107.11091755969797,94.06304518281925,129.38285907253095
CP_9,28.04778103655364,11.661365787519923,11.969617060411048,50.06699193774399,30.930080596130416,64.58311414073448,26.96230851764681,36.01167238735754,47.446545552530196,30.643505056323615,37.61296386951808,55.447858455551795,10.967129740124559,14.062265148947485,31.549526242497556,28.29077565808466,64.34632122339232,71.96873129863764,54.78790224159411,63.807993571277095,78.15748409544388,71.7247291752412,47.884237396921804,47.149003166719446,62.70236270877993,66.07778004518315,80.335337451486,87.32226729760576,55.06618748097907,70.76934953933232,79.42828800578144,80.94919650189011,94.88194917961906,89.00537461198196,86.17056579173864,103.48539801828623
CP_10,91.1053694540971,74.71895420506338,58.83123209844956,28.888416314491792,39.8707685627302,28.977132446057382,90.25998712408251,99.30935099379323,25.803500430397374,39.54703505541984,56.3758715194683,39.544828394058364,74.26480834656026,56.12827496279597,63.86196029372981,80.86637021786038,26.741295519659563,39.0409178481332,62.651116272351004,57.86774502577536,72.21723554994215,79.58794320599809,80.19667144815405,89.1068986501862,104.57125921939904,88.33577321860481,57.24656915397983,73.105382208575,104.25790557077373,112.72724502279908,110.84711270959066,103.20718967531178,89.0316216526019,96.86858864273886,128.1284612752054,89.26851292925546
CP_11,62.735231108750604,46.348815859716886,30.46109375310306,15.573863698502372,11.500630217383694,30.089985901492852,61.88984877873601,70.93921264844674,10.458940091398729,11.17689671007334,28.005733174121797,28.3664612210016,45.894670001213754,27.75813661744947,35.49182194838331,52.49623187251389,27.35871576226085,34.98112583750618,45.18067154619782,46.68937785271861,61.03886837688539,62.11749847984491,51.82653310280756,60.7367603048397,76.29011984690018,70.0200757510689,53.186777143352806,69.04559019794797,75.88776722542724,84.35710667745258,92.53141524205475,84.89149220777587,77.85325447954514,79.39814391658568,99.75832292985889,85.20872091862844
CP_12,60.29623607830719,43.90982082927347,32.522172044462,46.86459342591685,28.838218178066953,61.38071562890733,58.70382013969294,67.75318400940367,41.74966981881321,27.637716093355163,36.502836100116966,54.33773068615068,42.70864136217068,24.5721079784064,38.24339339547774,55.247803319608316,58.64944548967533,66.27185556492066,53.67777447219299,62.69786580187598,77.04735632604276,70.61460140584008,54.57810454990198,63.488331751934126,79.0416912939946,72.77164719816332,79.22520968208488,86.21213952820464,78.63933867252166,87.10867812454701,95.28298668914917,87.64306365487029,93.77182141021794,87.89524684258085,102.50989437695333,102.37527024888512
CP_13,97.48821085075846,81.10179560172475,65.21407349511092,27.116698617777978,46.253609959391554,12.600576414787495,93.7841714866422,102.83353535635291,26.26817892177295,43.07121941797953,52.08317579004854,34.24828120401482,77.78899270911994,59.65245932535566,67.3861446562895,84.39055458042009,9.368403250910825,26.70429521510058,57.354569082307464,52.57119783573182,65.93693271047896,74.29139601595455,75.27383868915703,92.63108301274588,99.2747120293555,83.03922602856127,44.90994652094721,60.768759575542376,107.78208993333341,116.25142938535876,105.55056551954712,97.91064248526824,82.75131881313871,91.04156414046918,123.17918561088442,76.93189029622285
CP_14,27.88371993926475,26.589165310261226,32.83383201818869,70.93120689552164,51.79429555390806,85.44732909851213,12.204935599745914,15.147457429579907,61.417899005000066,44.61485850879349,46.564305914580245,64.39920050061396,9.897085217653078,28.033618601417363,30.49187098737928,13.4874610632487,78.3176746758622,81.11463450853068,56.066039991233986,71.98060442439588,79.71262628748363,62.86120766021397,38.146770384384425,32.345688571883485,47.89904811394397,56.340313032645774,88.50794830460478,95.49487815072455,34.201972523201434,51.692764467669704,64.62497341094547,71.0619793636916,86.01842766459183,80.14185309695473,67.09398072007602,102.41379460978773
CP_15,84.18744212159471,67.801026872561,51.913304765947174,28.394148373672888,32.952841230227804,26.89360358101235,78.50926348631462,84.4550098801103,10.99327092144538,27.796311417651957,31.867719956620945,14.032825370587231,62.51408470879237,44.37755132502809,47.94015488382192,64.9445648079525,10.847052582516763,13.528914824662065,37.13911324887987,32.35574200230423,46.70523252647102,54.07594018252696,55.058382855729434,73.1850932402783,79.0592561959279,62.82377019513368,31.734566130508696,47.593379185103856,88.33610016086584,96.80543961289119,85.33510968611952,77.69518665184064,63.51961862913078,71.35658561926773,102.96372977745682,63.75650990578433
CP_16,38.67301548005717,55.059430729090884,67.35015688853953,105.44753176587248,86.3106204242589,119.96365396886297,29.44098930937701,27.23215876447485,95.93422387535091,79.13118337914433,79.8194486879642,97.65434327399791,44.41341008800392,62.5499434717682,63.747013760763224,46.74260383663265,112.83399954621304,114.36977728191462,89.32118276461793,105.23574719777983,112.96776906086757,96.11635043359792,71.40191315776838,59.663101014199,67.65539412508014,83.89088012587436,121.76309107798873,128.7500209241085,44.512094093611466,62.00288603807974,84.38131942208165,90.81832537482778,119.27357043797579,107.30153403591424,77.40410229048605,135.66893738317168
CP_17,85.52137966150813,69.13496441247442,58.04713122291919,43.159901168318505,39.08666768719983,57.398103933707844,77.54304563729355,83.01910165233166,26.002289486940363,26.83009356863087,32.684259378614215,30.28557739286146,61.54786685977129,43.411333476007,46.50424665604328,63.508656580173856,41.35155293521226,44.03341517735756,43.95567667701651,46.826966248204954,61.176456772371736,60.892503610663596,61.87494628386607,71.74918501249967,85.87581962406455,69.64033362327032,62.23906648320419,70.34123997453362,86.9001919330872,95.36953138511255,92.15167311425617,84.51175007997729,77.99084287503149,78.17314904740437,109.78029320559347,86.50437069521409
CP_18,54.029482115033936,37.64306686600022,30.224547900838292,37.693865560487126,26.675838200599284,52.209987763477606,46.051148090819346,49.88667508268693,27.746145648117995,10.943105151911418,11.631262791037786,29.466157377071504,30.055969313297094,11.91943592953281,13.371820086398554,30.37623001052913,44.645921318980115,46.181591384988224,28.806201163113812,37.826292492796796,52.17578301696358,45.743028096760895,29.706531240822798,38.61675844285494,54.17011798491542,47.90007388908415,54.3536363730057,61.340566219125456,53.76776536344247,62.237104815467816,70.41141338007,62.771490345791115,68.90024810113877,63.023673533501665,77.63832106787413,77.50369693980593
CP_19,55.68653801981901,39.30012277078529,39.60837404367641,71.50606650048658,58.568837579395776,86.02218870347707,41.320767755938874,44.26328958577287,61.558346588117445,44.75530609191087,45.443463731037234,63.27835831707095,26.69964032678174,29.13659820588199,31.893050997373443,25.812865362220425,78.45812225897957,79.99379232498768,62.31791495538554,71.63849343279624,85.96450125163517,69.11308262436552,44.39864534853598,44.67109287085521,60.224452412915696,62.59218799679733,88.16583731300514,95.1527671591249,59.822099791442746,68.29143924346809,76.9503777099172,77.46360445350429,92.2703026287434,86.39372806110629,83.6926554958744,108.6656695739393
CP_20,118.27091094249965,101.88449569346594,85.99677358685211,55.50579094528997,67.03631005113274,40.989668742299486,112.59273230721958,117.69509634861997,45.07673974235033,61.879780238556904,65.10780642513062,47.272911839096906,96.59755352969732,78.46102014593303,81.18024135233159,98.18465127646218,29.078975659129917,30.557477831180183,70.37919971738955,60.10586898789947,64.60551129722231,81.45692992449196,88.29846932423911,106.42517970878797,112.29934266443759,96.06385666364336,43.57852510769056,59.43733816228573,121.5761866293755,130.04552608140085,118.57519615462921,106.19335138829899,81.41989739988207,89.71014272721253,136.2038162459665,75.6004688829662
CP_21,43.562728846845275,51.76655441946144,58.0112211273889,96.10859600472185,76.97168466310826,110.62471820771233,27.88394450732644,10.029931679620313,86.59528811420029,69.79224761799371,62.617221603109655,80.45211618914337,35.0744743268533,53.21100771061758,46.54478667590869,29.540376751778112,103.49506378506241,97.16755019706008,67.58435888673245,83.49892331989435,90.53538647943174,73.68396785216207,49.665089279882885,31.361835763860814,39.35412887474196,55.589614875536185,100.02626720010325,106.64477980649139,16.21082884327328,33.70162078774155,56.08005417174347,62.51706012448959,96.32008315265449,79.00026878557605,49.10283704014786,112.7154500978504
CP_22,54.392522660577825,47.037067668632616,47.557404309886905,62.83071689191704,51.8126895320292,77.34683909490752,38.71373832105899,32.53178673022217,52.882996979547904,36.07995648334133,27.837466172232325,45.67236075826604,30.344987576024472,29.252292338581427,11.765031245031357,13.021341658064374,69.78277265041002,62.38779476618276,29.55723726992091,45.471801703082804,53.203823566170556,36.3524049389009,11.637967663071352,13.479907111425028,29.033266653485512,29.8315103113327,61.99914558329171,68.98607542941147,28.630914032012562,37.10025348403791,45.75919195048702,44.70292676803967,59.509624943278766,53.63305037564166,52.50146973644422,75.90499188847467
CP_23,109.83493109897451,93.44851584994079,85.4005066148267,61.88135022255241,66.44004307910733,60.38080542989188,101.85659707475992,96.76147611639213,44.4804727703249,61.00302265695124,44.17418619290278,27.544244317023,85.86141829723766,67.72488491347337,60.246621120103754,77.25103104423434,44.33425443139629,31.38296243620718,37.742004364762906,30.610629740389392,43.87867456502134,54.67883129840999,55.66127397161247,73.96452748763454,79.66214731181094,63.426661311016716,32.34476508308488,45.4617805443781,89.11553440822208,97.58487386024743,85.93800080200256,78.29807776772368,60.6930606676811,68.98330599501156,103.56662089333986,61.62491126505857
CP_24,89.61142392799435,73.22500867896063,65.8064897137987,73.27580737344755,62.257780013559696,87.79192957643804,74.18040779955527,67.99845620871845,63.328087461078404,46.52504696487183,32.109362580531695,49.94425716656541,65.6379111262575,47.50137774249322,32.16388180207422,48.48801113656066,74.8241351196694,66.65969117448213,33.17098128231912,47.20092413790924,61.55041466207602,48.19596722308555,31.48299397591532,48.946576589921314,64.4999361319818,48.57621643649426,63.72826801811814,70.71519786423791,64.09758351050885,72.56692296253419,71.08755592748011,63.44763289320123,71.35318722746342,65.47661265982632,87.9681392149405,86.87832858491838
CP_25,60.68562431443175,59.39106968542822,65.63573639335569,90.71691333121117,79.69888597132332,105.23303553420166,45.006839974912914,33.286301087682716,80.76919341884204,63.96615292263545,55.72366261152645,73.55855719756016,42.69898959282008,57.13848877787555,39.65122768432548,29.67671562679657,97.66896908970416,90.27399120547688,57.443433709215036,73.35799814237693,81.09002000546468,64.23860137819501,39.524164102365475,27.38713163095684,42.94049117301732,57.717706750626824,89.88534202258583,96.8722718687056,27.395866289852094,43.93687700834191,59.66641647001883,66.10342242276495,87.39582138257288,81.51924681493578,59.338093260748224,103.79118832776878
CP_26,111.28826475438544,94.90184950535172,79.0141273987379,55.494971006463615,60.05366386301853,46.954350770814,105.61008611910535,100.70952632556843,38.0940935542361,54.89713405044268,48.122236402079096,30.287341816045377,89.61490734158309,71.4783739578188,64.19467132928007,81.19908125341064,30.907799772318413,13.571907808128659,43.39850480486823,27.48394037170634,31.983582681029183,48.83500130829884,61.31777441171779,79.62102792773986,83.16484028571895,66.92935428492473,10.956596491497434,26.815409546092596,94.7720348483274,101.1632574478481,89.44069377591057,73.57142277210588,48.797968783688944,57.08821411101941,107.06931386724787,42.97854026677307
CP_27,80.53870588542694,64.15229063639322,56.733771671231295,49.968907308907674,47.439530492091535,55.586937678676875,72.56037186121235,67.46525090284456,32.56802985668017,31.706797443403673,14.877960979355215,14.660508727077298,56.56519308369009,38.42865969992581,30.950395906556185,47.954805830686766,39.54038668018129,31.37594273499402,8.445779151215344,11.317068722403793,25.66655924657058,25.38260608486243,26.365048758064905,44.668302274086976,50.36592209826338,34.13043609746916,27.8444126026127,34.83134244873246,59.81930919467451,68.28864864669985,56.641775588455005,49.001852554176125,42.48094534923034,42.6632515216032,74.2703956797923,50.99447316941293
CP_28,109.27738762445075,92.89097237541704,85.4724534102551,76.77665146486785,76.17821223111534,82.39468183463707,93.98864677133719,87.80669518050037,59.37577401264035,60.445479182427476,43.61664271837902,41.46825288303748,85.30387482271391,67.16734143894962,59.689077645579985,68.29625010834258,66.34813083614148,53.57623797477932,29.306718565629325,23.14533625132048,22.74189478003986,26.79975004701726,43.63694078720685,61.94019430322892,61.129589024437365,44.89410302364314,35.37058666893269,37.477851768916544,77.09120122381646,79.12800618656651,67.40544251462899,55.05480761194163,37.7755142634589,38.57159895085517,85.03406260596628,53.640982489597015
CP_29,77.60553326708515,70.25007827513994,63.70212716271577,70.57969986057455,61.90152128526387,76.19773023034375,61.926748927566315,55.74479733672949,53.17882240834704,46.168788236576006,29.339951772527552,35.27130127874417,53.5579981825318,45.39701519141029,27.909754097860215,36.2343522645717,60.15117923184816,51.98673528666089,12.165013400451528,28.07957783361342,29.99081295966323,13.13939433239357,11.575042943435971,29.878296459458042,29.755129546596507,13.519643545802284,44.60692171382233,46.10020628672288,45.029303380045576,47.75354670872565,36.03098303678813,28.39106000250925,36.29661433677144,30.420039769134334,53.659603128125426,52.691981281967344
CP_30,103.01136969972322,86.6249544506895,79.20643548552756,64.78691030543986,69.34560316199477,61.8395078029843,95.03303567550863,89.15918352519746,47.386032853212356,54.17946125769995,37.35062479365149,29.478511723609486,79.03785689798637,60.901323514222085,53.423059720852464,69.64873845303967,45.79295680448871,28.457064840298955,27.07015952505438,11.155595091892483,10.775572655079424,27.62699128234908,44.98942913190394,63.292682647926014,61.95683025976919,45.721344258974966,10.251413534452324,12.358678634436183,78.44368956851355,79.95524742189833,68.23268374996081,52.36341274615611,27.589958757739183,35.88020408506965,85.86130384129811,28.521809355116652
CP_31,86.69281634272413,79.33736135077892,79.85769799203321,95.13101057406334,84.1129832141755,108.97098744741633,71.01403200320529,57.52584792687289,85.18329066169422,68.38025016548764,60.13775985437863,68.04455849581674,62.64528125817077,61.55258602072773,44.065324927177656,45.32163534021067,92.92443644892074,84.75999250373346,44.938270617524104,60.852835050686,62.76407017673581,45.91265154946615,32.2834771570419,26.6670477965704,25.934277771742757,29.148370963201916,77.3801789308949,78.87346350379545,38.47133283325137,39.353608274492906,42.660203068744266,41.06514565310144,69.06987155384402,57.5483543141879,54.75482452689923,85.46523849903993
CP_32,64.17940965742667,64.0199270539942,70.26459376192166,87.45659753813322,76.43857017824539,101.97271974112371,48.50062531790784,30.64661249020171,77.50887762576409,60.705837129557516,52.463346818448514,70.29824140448223,47.327846961386044,53.878172984797615,36.39091189124754,30.00420104342594,94.40865329662621,87.01367541239895,47.36849665766279,63.28306109082468,62.73246023957825,45.88104161230859,29.449227050813224,11.145973534791153,11.551202634888488,27.786688635682715,79.81040497103359,78.8418535666379,11.592097396580188,12.474372837821727,28.27712793189,34.71413388463613,68.51715691280103,51.197342545722584,27.875589090228047,84.91252385799693
CP_33,135.08438389436978,118.69796864533606,109.6656915216338,86.14653512935952,90.70522798591443,77.60591489370991,127.10604987015519,121.23219771984401,68.74565767713202,85.5486981733386,69.42363898829805,60.93890593894129,111.11087109263293,92.97433770886865,85.49607391549903,101.72175264768622,61.559363895214325,44.22347193102457,59.14317371970093,43.22860928653904,42.84858684972598,59.70000547699564,77.0624433265505,95.36569684257256,94.02984445441575,77.79435845362153,29.545235617590546,27.84074279917463,110.5167037631601,112.0282616165449,100.30569794460737,84.43642694080268,57.57109697242872,67.95321827971621,117.93431803594467,41.17573002723282
CP_34,77.1489079072862,85.35273347990237,91.59740018782983,121.42380337906161,110.40577601917377,135.9399255820521,61.47012356776736,43.61611074006123,111.47608346669249,94.67304297048591,86.4305526593769,104.26544724541061,68.66065338729422,86.7971867710585,70.35811773217593,63.126555812219024,128.3758591375546,120.98088125332734,81.33570249859119,97.25026693175309,96.69966608050666,79.848247453237,63.41643289174162,45.11317937571955,45.518408475816884,61.75389447661111,113.77761081196199,112.80905940756631,33.90383815347544,28.26437537457679,59.092131515860274,68.68133972556451,102.48436275372941,85.16454838665098,41.463511424522984,118.87972969892532
CP_35,102.04323908439895,94.68440644768135,87.26588748251942,80.43044396085048,77.97164630337967,85.06471868120005,86.3644547448801,80.18250315404329,63.02956650862298,62.2389132546918,45.410076790643345,45.12204537902011,77.9957039998456,68.96077551121394,52.347459915174014,60.672058081885496,69.01816768270446,51.6822757185147,28.23513841856732,26.799128747303108,12.449638223136324,11.298311484920234,36.01274876074977,54.31600227677184,45.62815046234034,29.392664461546115,33.47662441266807,28.559031550195968,68.77145049380903,63.62656762446949,45.184473558615046,29.13820186794036,11.858908519457636,12.6549932068539,62.813093649952336,28.25427546465354
CP_36,81.19693858810615,87.6131342746073,93.85780098253477,111.04980475874632,100.03177739885848,125.5659269617368,65.51815424858731,47.66414142088118,101.1020848463772,84.29904435017062,76.05655403906162,93.89144862509534,70.92105418199915,77.47138020541072,59.98411911186066,53.59740826403906,118.00186051723932,110.60688263301205,70.9617038782759,86.8762683114378,80.29850914961028,63.44709052234063,53.042434271426345,34.73918075540427,29.117251544920528,45.35273754571475,101.32549533914204,96.40790247666993,28.609626327259654,11.118834382791388,29.85900329679177,45.905274987466456,79.70829801563136,62.38848364855291,12.230383205454475,96.10366496082726
CP_37,93.84930227098361,93.6898196675511,99.93448637547857,117.12649015169015,106.10846279180231,126.79666229160634,78.17051793146477,60.316505103758644,103.77775446960962,90.37572974311445,79.93888383379013,85.87023334000675,76.99773957494295,83.54806559835454,66.06080450480447,59.67409365698286,110.75011129311075,102.58566734792348,62.76394546171411,78.678509894876,72.02506011935583,55.173641492086176,55.27283116372165,40.81586614834808,25.767762040143392,37.0792885154603,93.05204630888758,88.13445344641548,41.26199001013712,30.7039996225992,28.820742002640536,37.37159284944553,71.17461587761042,53.854801510531985,30.3740334873614,87.56998282280632
CP_38,88.42047181487231,81.11717258382065,80.50139426074642,94.2801107995821,84.7566794828887,99.89814116935132,72.74168747535347,54.88767464764734,76.8792333473546,69.02394643420084,53.04036271153511,58.97171221775173,64.4250924912125,62.196282289440944,44.70902119589087,47.1014465732524,83.85159017085573,75.68714622566844,35.86542433945908,51.779988772620975,45.12653899710081,28.27512036983115,28.37431004146662,28.24321906461762,12.689859522557137,10.18076739320527,66.15352518663255,61.23593232416046,35.83315955402581,30.68827668468628,12.330572097780575,10.473071727190497,44.2760947553554,26.956280388276955,29.959192189117868,60.671461700551305
CP_39,126.4968834639324,110.11046821489869,102.69194924973675,87.11436268854975,91.67305554510466,78.57374245290013,118.51854943971782,112.64469728940664,69.71348523632224,77.66497502190913,60.83613855786067,52.964025487818674,102.52337066219556,84.38683727843127,76.90857348506164,93.13425221724884,62.527191454404544,45.19129949021479,50.55567328926356,34.64110885610167,27.23622845683264,44.0876470841023,68.47494289611312,86.77819641213519,78.41748606152241,62.182000060728186,26.98564818436816,11.126835129772996,101.56078609299108,96.41590322365155,77.11609434138738,61.069822650712695,27.266799622547794,44.58661398962624,94.74471443272468,10.87143267735189
CP_40,132.8398920158459,116.81913110199099,109.40061213682905,94.98108695674135,99.53977981329626,92.03368445428579,117.16110767632706,110.97915608549025,77.58020950451385,84.37363790900145,67.54480144495298,59.672688374910976,108.79235693129255,91.09550016552357,83.14411284662097,91.46871101333245,75.9871334557902,58.651241491600445,57.26433617635587,41.349771743193976,28.15559862668203,42.09496441636718,66.80940169219673,85.1126552082188,76.42480339378729,60.18931739299306,40.445590185753815,29.352126969112938,99.56810342525596,94.42322055591643,75.981126490062,59.93485479938731,28.062979306293702,43.45164613830085,93.60974658139929,29.540248753785043
CP_41,106.90853228726054,99.55307729531533,93.00512618289116,99.88269888074994,91.20452030543927,105.50072925051916,91.2297479477417,83.75009215638005,82.48182142852244,75.47178725675141,58.64295079270295,64.57430029891957,82.86099720270718,74.70001421158568,57.21275311803561,65.53735128474709,89.45417825202357,81.2897343068363,41.46801242062692,57.38257685378881,45.752792625124464,28.901373997854805,40.878041963611366,57.105636573350324,41.55227703128984,26.715200509325193,66.77977881465621,61.862185952184106,64.69557706275852,59.55069419341898,41.19298960651328,27.628078214330298,45.81277842569955,31.560499396933803,58.821609697850576,62.20814537089545
CP_42,120.139305389822,112.83600615877036,114.78005847912576,128.55877501796144,119.03534370126803,134.17680538773064,104.46052105030316,86.60650822259703,111.15789756573393,103.30261065258017,87.31902692991444,93.25037643613106,96.14392606616221,96.47494650782028,78.9876854142702,78.8202801482021,118.13025438923506,107.38282275401332,70.14408855783842,82.49967578280172,68.15018525863493,60.32619926538547,62.65297425984596,59.96205263956731,44.40869309750683,44.45943161158461,89.17717144816669,84.25957858569458,67.55199312897551,58.17352759091875,27.682767800505314,31.937299143504962,60.36536819572315,43.04555382864471,42.77231133851244,76.76073514091905
CP_43,133.55785871497676,126.19902607825917,118.78050711309723,111.94506359142831,109.48626593395747,116.57933831177786,117.87907437545792,109.83293864228438,94.5441861392008,93.7535328852696,76.92469642122116,76.63666500959793,109.51032363042341,100.47539514179175,83.86207954575183,92.18667771246331,100.53278731328227,83.19689534909251,59.74975804914513,58.31374837788093,43.96425785371414,42.812931115498046,67.52736839132758,83.18848305925468,67.63512351719419,59.34360872415351,64.99124404324589,58.36301683493259,90.77842354866286,85.63354067932333,60.51846395812123,44.472192267446545,29.587831485055574,28.79428633397776,78.14708404945853,42.199886114252116
CP_44,116.57088558971316,122.98708127621428,129.23174798414175,146.42375176035335,135.4057244004655,160.93987396334384,100.89210125019432,83.03808842248819,136.4760318479842,119.67299135177763,111.43050104066862,121.07387979220123,106.29500118360613,112.84532720701772,95.35806611346764,88.97135526564604,145.9537577453052,137.78931380011795,97.96759191390858,113.88215634707048,107.2287065715503,90.37728794428065,88.41638127303332,70.11312775701126,64.49119854652753,72.28293496765477,128.25569276108206,123.33809989860995,63.983573328866655,46.492781384398384,49.77159547666892,65.8178671673436,99.62089019550851,82.30107582843007,34.35688060521111,116.01625714070441
CP_45,158.4732485884733,142.56947866069012,135.15095969552823,119.5733731343412,124.13206599089611,111.0327528986916,142.79446424895445,136.61251265811765,102.17249568211369,110.1239854677006,93.29514900365214,85.42303593361014,134.42571350391995,116.84584772422274,108.77746941924836,117.10206758595984,94.98620190019601,77.65030993600625,83.01468373505503,67.10011930189313,59.69523890262411,67.72832098899458,92.44275826482412,110.74601178084619,101.53705526252925,85.82267396562047,59.44465863015962,43.58584557556446,124.68035529399792,119.5354724246584,94.4203957034563,78.3741240127816,44.57110098461671,61.890915351695156,112.04901579479359,30.117003473489515
CP_46,98.45472655793736,96.03567296715487,102.28033967508233,117.49311750625252,107.96968618955913,123.11114787602173,82.77594221841852,64.92192939071239,100.09224005402501,92.23695314087126,76.25336941820552,82.18471892442214,79.34359287454672,85.40928899611136,67.92202790256128,62.01994695658662,107.06459687752614,98.90015293233887,59.078431046129495,74.9929954792914,68.33954570377122,51.48812707650157,51.587316748137034,43.16171944795183,27.608359905891348,33.393774099875685,89.36653189330298,84.44893903083087,45.867414297090875,28.37662235262261,10.88243460888984,26.928706299564524,60.731729327729425,43.41191496065098,12.975406100216293,77.12709627292533
CP_47,111.55540138341442,104.25210215236278,97.85390116559972,102.92087995802284,94.24270138271217,108.0084330155659,95.87661704389558,78.02260421618945,85.52000250579533,78.50996833402431,61.68113186997584,67.61248137619246,87.56002205975463,79.54878919429424,62.06152810074417,70.23637614179452,91.96188201707031,74.62599005288055,44.506193497899815,49.742843081668966,35.39335255750218,27.569366564252725,45.72681694631993,51.37814863315973,35.82478909109925,27.53327429805858,56.42033874703393,51.50274588456183,58.968089122567925,53.82320625322839,28.7081295320263,12.661857841351615,27.608535494590406,10.28872112751196,46.336749623363595,44.00390243978631
CP_48,126.4291966745845,119.07036403786691,111.65184507270497,97.32224091110184,101.88093376765676,94.18766787723752,110.75041233506566,104.56846074422884,79.92136345887434,86.62487084487736,69.7960343808289,62.01384232927147,102.38166159003114,93.3467331013995,76.73341750535957,85.05801567207105,78.14111687874193,60.80522491455217,52.62109600875287,43.69092569755446,29.34143517338768,35.68426907510579,60.39870635093533,78.7019598669574,69.49300334864046,53.77862205173167,42.59957360870554,26.740760554110377,92.63630338010913,87.4914205107696,62.37634378956751,46.33007209889282,12.527049070727918,29.846863437806363,80.0049638809048,10.577629833429906
