,Noisy_Region_1,Noisy_Region_2,Noisy_Region_3,Noisy_Region_4,Noisy_Region_5,Noisy_Region_6,Noisy_Region_7,Noisy_Region_8,Noisy_Region_9,Noisy_Region_10,Noisy_Region_11,Noisy_Region_12,Noisy_Region_13,Noisy_Region_14,Noisy_Region_15,Noisy_Region_16,Noisy_Region_17,Noisy_Region_18,Noisy_Region_19,Noisy_Region_20,Noisy_Region_21,Noisy_Region_22,Noisy_Region_23,Noisy_Region_24,Noisy_Region_25,Noisy_Region_26,Noisy_Region_27,Noisy_Region_28,Noisy_Region_29,Noisy_Region_30,Noisy_Region_31,Noisy_Region_32,Noisy_Region_33,Noisy_Region_34,Noisy_Region_35,Noisy_Region_36,Noisy_Region_37,Noisy_Region_38,Noisy_Region_39,Noisy_Region_40,Noisy_Region_41,Noisy_Region_42,Noisy_Region_43,Noisy_Region_44,Noisy_Region_45,Noisy_Region_46,Noisy_Region_47
Clean_Region_1,0.026903172867038447,5.518574101426075e-23,0.005025604238326779,0.0005001473170585928,5.231447132273335e-12,2.640882674999903e-22,3.20538079981284e-20,2.099594951486449e-37,7.266737968295427e-38,0.000442323141597515,4.2802028648149945e-07,3.488046301384887e-29,1.3665843001472217e-22,3.6251028498457805e-27,9.167712679057018e-33,9.954239835659327e-05,9.664968035210979e-06,1.405843171601057e-15,4.2880249192197966e-14,1.5197366894223727e-20,1.8156134654954273e-37,4.012126978794432e-42,2.104841870805809e-49,1.0829112641579924e-33,1.1030651450345263e-35,1.7660938950267848e-12,1.0887634359815093e-33,8.222033754485231e-44,2.751217279955149e-32,9.305310301877576e-41,3.73846775036261e-52,5.395442081778009e-22,5.152477138271648e-26,7.182872931983922e-32,4.887745235435539e-28,1.2747613473081975e-36,6.967748347330934e-52,1.0882269195998202e-56,2.6010220308529754e-15,1.687577571959745e-24,3.273143770174906e-49,8.121974748869152e-55,1.8367714785403218e-34,7.345214140134381e-41,4.5722287132204166e-63,1.1467954775693195e-31,5.180355094430622e-57
Clean_Region_2,1.0248153641873581e-06,6.764846360752199e-16,0.016155210071080568,0.011090577417756509,7.565942732020736e-06,3.546085535086272e-14,1.7803273317123855e-11,6.337664513660298e-29,1.8913278735256109e-28,1.3592494430159474e-05,4.670168009822968e-08,7.692596633132953e-18,2.056736147805527e-12,2.1697442272318369e-16,5.305983070912645e-21,0.0031547728240762553,0.0034147627370930684,7.286056689336697e-08,2.106513712484647e-10,1.1877201528984425e-12,1.684571337203497e-25,8.733580597768154e-30,3.2039729237725772e-37,1.7307177480199973e-22,3.653566269242446e-24,3.2907753966564116e-17,7.149678248459211e-24,1.6799087191661452e-32,3.4443706199257694e-25,6.273676447188541e-34,9.15020571301677e-42,3.844360654419878e-18,1.0668453037894546e-18,5.2277376517001775e-25,2.8519833062076777e-25,3.9435797538995965e-31,4.122825437671454e-40,3.9462456981248195e-46,6.531716297325649e-19,1.4773617861075373e-24,3.1892828674774025e-43,6.135929426051052e-49,3.2074669047694155e-33,2.6161123068058403e-37,1.183044774571169e-54,1.1026278708705406e-33,5.79002335510296e-52
Clean_Region_3,7.932216576346189e-12,1.0318140407994408e-08,0.0002460468639721929,0.0010114643092264497,0.02258037358860045,5.435201055919878e-07,6.061531185959586e-05,2.121955894202022e-19,1.3988528632145311e-18,4.4049171198351695e-09,6.648307245833773e-11,4.048703985095905e-09,6.7130364887536e-06,8.428599873169128e-10,1.276104990762889e-12,0.00017787753074478276,0.0016945403398995263,0.0003061262150417976,2.6723760370828073e-10,4.80393125228071e-09,2.045507367531465e-15,1.5441353278339467e-19,7.089072170852627e-27,2.2126557682943044e-15,1.5470011206738107e-16,4.352155386560399e-22,5.331187123413306e-18,1.1107311187247365e-24,1.6684777489698122e-21,3.66501546945305e-30,3.2322365897286135e-34,8.780256449245329e-18,1.3327940731548657e-15,8.046288757235304e-22,2.017187807354272e-25,1.079804444316766e-28,7.98061357554634e-31,9.988535400426526e-38,7.316164447777258e-23,3.2294707326081104e-26,4.305327955216573e-39,8.033533823100084e-44,8.466185813288274e-34,7.071100082932976e-36,6.923416569879994e-47,3.6188912219428346e-36,4.437100732087156e-47
Clean_Region_4,8.546956492216214e-34,0.02307480773843055,2.956740850350672e-22,3.3515394237562584e-20,2.199706735537054e-10,0.007353530804238395,4.284299318399826e-05,0.0003329335925474824,0.0009017814699749876,1.6881055229521378e-30,3.480751175784689e-31,0.00017953886278020793,1.4326955380227227e-08,8.581161259970005e-13,1.1430936150000485e-09,2.55274319580165e-22,2.347806330486161e-19,4.2288547842231434e-14,7.573353257503052e-27,9.621922075112929e-20,5.132376808734031e-05,1.6040588703684204e-08,5.64311527676714e-14,5.236988022317762e-16,2.163070364941725e-15,1.0743556823165961e-42,5.98621522976301e-21,4.061128118748092e-21,4.580756096855061e-28,9.401324162893822e-35,6.234992382924141e-29,5.920326636172423e-33,3.139547696794354e-26,3.928049012546689e-30,1.2767017460237525e-39,8.805570908868151e-37,7.621639486703203e-21,6.225545115400562e-28,7.150491818204886e-42,1.1705442419842813e-41,1.3997679662694842e-39,3.519842577635117e-39,1.0956242910790844e-45,1.0148569970635533e-43,1.5540719076582135e-34,2.2157738217630005e-50,3.1355038928890724e-41
Clean_Region_5,8.889297583449202e-24,0.00033604037023219984,9.079257311349042e-13,3.124263011450412e-11,0.0001479429602737284,0.0059383832240140905,0.01600187588865721,2.336475208151655e-10,3.4313510720574027e-09,1.3423883332742512e-19,1.668229621899261e-20,0.002931330914058479,0.00095946873769667,2.2460648711419686e-07,4.2552254369511513e-07,1.8076649287933944e-12,2.758217931258704e-10,2.319539551659875e-06,1.7643866334822257e-16,3.880286180677464e-11,8.842335539951014e-07,2.912516641900799e-10,1.2276007532538516e-16,1.3719686175431046e-11,8.10458450637332e-12,6.789524800149487e-33,1.291522787512318e-15,9.054987320952063e-19,1.3143979818395868e-21,2.4033470862669523e-29,1.057953233945804e-27,4.42858159486742e-23,1.1662703874344214e-17,8.03089834623255e-23,1.6306807244661096e-30,5.6966163843645216e-30,6.375274319377407e-22,2.9171233336484347e-29,1.8932803372304202e-32,7.372292634055623e-33,1.3863893243710521e-36,5.363196594392706e-39,3.1236594648890547e-38,1.3864542058849542e-37,5.082347076146657e-38,7.895626208933935e-43,5.0826749234190705e-42
Clean_Region_6,1.5506924108225507e-43,5.766818246372741e-05,1.853436765682081e-32,3.28438237280729e-30,1.2113340954839701e-18,7.561234534041964e-07,3.5134870610608417e-11,0.017326842509557492,0.01159469179420412,1.7914463204031797e-41,4.625262738957699e-42,2.9749248159052933e-09,1.9285958363012664e-16,9.953032057544601e-21,3.4983412190349913e-15,4.728937051209194e-33,1.487718734649699e-29,7.429990992083817e-24,3.882574816341158e-38,3.4532323492669095e-30,7.597212468092462e-07,7.739976211489832e-10,6.43927786783562e-14,1.1909419102112817e-22,2.7301582597314657e-21,3.221314477773178e-52,4.122881839564376e-28,2.6641746089284345e-25,1.5134872161082966e-35,1.3236620194547378e-40,1.4527885267655126e-31,8.529006008388554e-44,4.2249717828997686e-36,2.688063188397628e-38,3.038055235896211e-49,3.4367976180153403e-44,8.106009597967189e-22,4.916034920012315e-28,2.522526855594845e-51,6.437041156661461e-51,5.202691395801132e-43,5.542438543299075e-40,3.678633893772946e-53,6.171891264032136e-50,4.040793824110555e-32,5.983608305455597e-58,6.930068152468119e-41
Clean_Region_7,7.036123839331029e-05,1.878513003426787e-27,0.003611466058013816,0.0006880676159870959,3.187663573555241e-12,7.026956191824897e-25,1.5974101111100967e-20,1.7558599542580042e-41,6.19220963825396e-40,0.020145534595246734,0.0032990796466905057,1.362642362194291e-26,2.1641835314076776e-18,3.010852241556924e-20,1.1874272041113908e-26,0.001764037149814177,9.178857270439103e-05,1.3467949010206349e-11,2.570763098591445e-07,4.711225739345363e-13,4.308693301484342e-35,9.017892415301379e-38,4.513133311648771e-44,1.9508798471048713e-25,1.4449393843468535e-27,6.07638339653234e-08,3.951694898835075e-24,8.960884519877759e-35,1.840221282177363e-22,3.54221245674613e-30,2.1493897926764646e-42,5.567675799934748e-13,1.9204576368266548e-16,1.0012610333214458e-21,2.3617508624813987e-18,4.7606754241388714e-26,5.407613583218612e-44,2.303862855306579e-48,8.197923344961445e-10,2.641392507695303e-16,4.4140027154185566e-39,3.801840486974884e-46,3.2731174677106824e-25,1.2397199979177508e-30,1.5723802155955277e-56,3.5101064250200986e-24,3.8648126090450604e-49
Clean_Region_8,8.064559731812508e-09,1.980155306865874e-34,1.3113683661547064e-06,2.915335205709791e-07,1.348482355990403e-16,6.528976115350476e-31,2.461389259266254e-25,1.0565833329434155e-47,5.655402771044462e-45,0.0012071460271986171,0.02552157278175544,1.0762400068113095e-29,2.771831631728801e-20,8.72479024467516e-20,9.413399646965998e-27,4.260204874577419e-06,6.182215536362991e-08,2.9759753813642496e-13,2.7385936553567043e-05,2.3660925698530372e-11,5.015783700268224e-38,9.783262272884101e-39,3.1028218239938083e-43,3.383275995897407e-23,2.0747077377629404e-25,0.0022301049691542986,5.039554157595195e-20,5.904808113082631e-31,1.0963897176533532e-16,5.972037292741158e-23,1.3621320203846953e-36,1.3296315864707125e-07,5.7859266039215714e-12,1.0085771179337704e-15,4.725800807964245e-11,3.051606648632287e-18,1.2405983740665946e-40,1.201022123123301e-43,0.0001514445430606916,4.371348212407953e-09,6.870362536207242e-31,9.023526985062316e-39,1.0059700586224618e-16,7.225615839941875e-22,4.648667489854054e-52,5.625257981320712e-16,6.406592748165802e-42
Clean_Region_9,5.236376204478363e-39,2.5927517364717017e-09,1.7012582610510306e-24,3.041400639035565e-22,3.0075617522901856e-12,2.712937178442805e-07,8.934025780522295e-07,2.545912337578211e-10,1.3641873593097591e-07,1.9410743652941462e-31,3.925316435308525e-30,0.019065263283965208,2.9289158316056767e-05,2.0269760453865855e-06,0.0007078316505203888,3.370388078524138e-23,2.993089235805317e-20,3.3055331283066175e-11,2.8557121514412727e-22,1.0899399273238085e-13,0.004720858316754271,0.00038184472649388187,2.2095065818109778e-08,4.897052470590612e-08,1.7875944056670152e-07,3.506398440643238e-42,3.69883655249678e-12,5.488553782509469e-12,1.3241926032074347e-19,3.4363734312012057e-25,2.907931498479338e-19,1.8071239038600584e-26,3.72301960216575e-18,2.0768349783142242e-21,1.1882532432843471e-32,5.274932413988712e-28,8.848816490115659e-13,1.674547772499131e-19,2.425355670743405e-40,5.0302754081856985e-37,1.0425003033988666e-30,1.073519036122474e-31,2.8154847263298405e-39,1.4735645725818193e-35,3.0850379120129776e-28,8.865189379296398e-47,1.2245999679993256e-34
Clean_Region_10,2.555879563211299e-29,5.3060520343327585e-12,7.348407445964139e-16,4.173052421914171e-14,7.996804924665889e-08,9.404216616872639e-09,6.680322894490102e-06,1.0731502436458559e-17,1.8635734987426435e-14,4.8767458204091645e-21,8.688371923568858e-20,0.0012659695146838561,0.021505664947660506,0.0031395965851985287,0.0008474601395211845,3.105971831460513e-14,2.7694853562529607e-12,3.4847059895387654e-05,9.697105569395688e-13,1.4217913856783979e-06,2.3392591084458456e-07,8.219706253395626e-09,4.1466537398597176e-14,5.821853604823517e-06,2.4839412321878335e-06,1.6554937293973316e-31,9.84053857530096e-09,2.683846212398987e-12,1.7038281647572714e-14,2.1453775710512432e-21,1.8072351142266242e-20,5.743995266962072e-17,6.89167172657867e-11,2.1190235831900853e-15,1.1060706178277943e-23,4.359790930861983e-22,1.1005867552465446e-16,1.7536832347221068e-23,4.5679040153577814e-30,1.1941303395260926e-27,4.243307520766039e-29,5.88176994665239e-33,8.825400503044137e-32,4.654996639781387e-30,4.809389458858017e-34,2.594033771773218e-38,9.072860102883485e-37
Clean_Region_11,6.997140545937457e-36,6.550264196322524e-22,2.157078710397951e-21,1.2488428331884926e-19,4.320394342609669e-14,4.3922805834660864e-17,1.944118919074405e-12,5.498784078117633e-26,3.521885179123503e-21,1.4364396569371147e-24,1.7665667965220012e-21,2.0203131761197257e-07,4.863944938431415e-05,0.0123991478908038,0.001023123952213428,6.310353469642089e-19,2.9709742045714754e-17,1.0029567269026401e-07,2.1513962346034245e-12,7.635579048329519e-06,1.4811954809768936e-10,3.3586069939217856e-09,3.6945693561560244e-12,0.005927332676448535,0.0028404357534554453,6.181378187400278e-31,0.0003777713131758557,7.929551972612114e-07,6.45986323733551e-09,1.1051802175032918e-13,4.224403532304388e-13,1.293806144599281e-13,7.833684769415692e-07,1.4537456705204478e-09,1.8396446197746225e-18,4.552370967821192e-15,1.3151325524357337e-11,9.548468929147829e-17,9.613300863071997e-29,8.953926703743721e-24,1.1388183416494623e-20,5.925365314119567e-25,1.9517815518830792e-25,2.5819988775730297e-22,1.602807702291648e-27,8.413897615603794e-34,7.36666097976659e-29
Clean_Region_12,3.1148162070681587e-45,1.6460862856617438e-18,1.4471370613601996e-29,2.937439330190594e-27,4.932348801330145e-18,5.811910459259296e-15,1.0909349401043528e-12,1.6292927657073095e-17,4.1790697390578197e-13,2.3548521456692778e-34,6.0404370718642525e-31,2.6613335893035765e-05,5.141151843493631e-07,9.3110157711655e-05,0.015230903231812976,2.4426548501470997e-27,1.001089856661322e-24,4.958040731802769e-13,8.353591974293792e-21,7.166955592927968e-12,4.1962069902335916e-05,0.0029431067676118174,6.576643533082745e-05,0.0011204648845190034,0.004839908618487351,3.4021328643326267e-40,4.932266599509768e-06,5.456525816021792e-05,3.2215929712290943e-12,1.4366329065914639e-15,5.085755415390804e-10,1.425775645904251e-21,1.0395969731059414e-12,7.98309247854237e-14,1.3458621501095634e-25,5.676618730705919e-19,5.081745989433885e-06,5.484939181496152e-11,1.7524429725869039e-37,2.766613325981821e-31,4.8530325046051966e-20,2.0273846158021804e-21,9.349603308950795e-31,1.4088994635124537e-25,7.632409891015583e-20,3.922958642095222e-40,1.899039569046018e-24
Clean_Region_13,9.664816194359517e-10,2.030103332857935e-21,0.0026875288668327117,0.003205429428739723,5.739255464351447e-07,7.605789906664995e-18,7.354736854649706e-13,3.148030059492545e-34,8.997235354295904e-32,0.00019897501885453062,0.00012453880587915393,1.76281552952411e-16,2.438372375184891e-09,1.2294123191974707e-10,3.9649664057366453e-16,0.012849310646806233,0.00578261479656889,7.501288977447345e-05,0.0002882076176788025,4.9717974525659375e-06,1.795294231786637e-24,7.723669621058229e-27,2.573886775207381e-33,1.9440066833890612e-15,2.7216264456660945e-17,7.470850995403201e-13,2.0856741709463797e-15,8.940000233144732e-25,3.4004673651253234e-16,3.0923188024152306e-24,2.9606650378063602e-33,1.1187565077318934e-09,5.759793390621258e-10,1.1347388605042405e-15,4.527314489512052e-16,2.9889498700654133e-21,1.2328100978879629e-33,3.154505064182255e-39,1.2601364606241162e-13,1.0939136112191967e-16,6.334936967891502e-34,3.0817542017143456e-41,2.299060238757327e-24,1.1827009797827987e-27,1.462627782477231e-49,2.06897795695078e-26,4.405293627065001e-45
Clean_Region_14,1.9615549766649236e-19,6.282953633121244e-16,1.5252442566795576e-08,1.496815736575151e-07,1.416017906569353e-05,5.473163249429593e-12,1.7237047808550802e-07,3.3286680262494125e-25,5.15761878873106e-22,5.894259632560658e-12,2.201464259695615e-11,1.2184235431553473e-07,0.0032437809366590016,0.0006997864049582996,4.305840384073692e-07,3.6047522403891857e-07,3.406958741067407e-06,0.01924975044091095,1.3848198103904897e-06,0.0013807122908122717,1.2736172727203094e-13,2.7687754183603077e-15,4.045849153428067e-21,1.7948622966297426e-07,1.2956023733374562e-08,2.796204702659929e-22,5.2478068319507665e-09,2.460538573269734e-15,1.0466659387849614e-12,3.479959749250295e-20,6.953038006610242e-24,2.3369255471183986e-11,1.2331739943975763e-07,7.979129036268169e-13,3.9371896518107036e-18,2.4836793992492233e-19,2.8986481327036615e-22,1.523489454381098e-28,9.6044538597735e-22,3.2411283128127236e-21,2.4009439453472158e-29,3.265422102958495e-35,1.0218020975504187e-26,5.4028752418273375e-27,1.3237343646982736e-39,6.627361684442412e-32,2.8460440291072887e-39
Clean_Region_15,2.1466574831018147e-26,3.46621737185661e-25,2.1589091112668225e-14,2.853064724118483e-13,5.822758768833959e-12,5.609408519670668e-20,5.943215698363814e-14,3.1815013161657854e-33,1.83509817144552e-28,1.808724664814271e-15,1.5348691708985092e-12,1.4547589051218571e-11,6.604290947862097e-06,0.0012395647621393192,2.554880270454497e-07,5.655352980647835e-12,1.6290947901625356e-11,2.8700053395661485e-05,1.2491063144198755e-05,0.017783457809994657,3.51650860159095e-17,1.9909278915377521e-16,3.220201890167004e-20,4.804653293461274e-05,3.3001188523049553e-06,3.7109067732821327e-20,0.00013933323289491497,6.016274728680268e-11,7.27746090553651e-07,1.1112342236457227e-12,1.8350805864020902e-17,9.708195334387994e-07,0.003044778998097949,9.432653398015474e-07,1.5077812481243614e-11,1.2211963761415341e-11,2.3485903769816042e-18,2.8770285024584265e-23,1.1952978012479318e-18,2.050630580641778e-15,6.345544035172714e-21,1.3878637780328438e-27,4.827164573620186e-19,1.6996326412275666e-18,8.728751048100863e-35,2.3774952859166136e-25,6.644255836483615e-32
Clean_Region_16,3.113711457018635e-16,1.2440518569967542e-29,2.0659131386431957e-08,3.36130297747988e-08,3.0146320563109733e-12,1.2584644174738327e-24,5.2015722210379165e-18,1.0695456250027662e-40,1.5364835719895645e-36,2.111222856869056e-07,2.6014446056732012e-05,1.2093113915056027e-18,1.8174687193779682e-10,1.3043988171670047e-08,2.0765341844995154e-14,1.0880891267017235e-06,2.0823697634456462e-07,2.660393434196203e-06,0.02411945395716395,0.0012939093374905054,5.683771756448033e-26,1.090527993502839e-25,6.731857937828898e-30,5.3383035310338515e-11,8.606674363241268e-13,1.1252890230944746e-10,4.138093614772344e-09,4.986440607943079e-18,1.0842445902020602e-08,8.05549977591237e-15,2.2612232133597115e-24,0.0003523318175456306,0.0003672765044713366,5.7057522779410813e-08,1.5445904111143647e-08,4.427411927988822e-12,3.838382967620299e-27,3.298605869889843e-31,1.9616298693060435e-10,2.4962582201833934e-10,1.5798703595448632e-23,2.2010771037431167e-31,1.2392585307067904e-15,1.0320441448699406e-17,6.971978413272363e-42,2.616524002837734e-19,1.9946435673113916e-35
Clean_Region_17,1.048847239478809e-46,6.790544966791336e-09,8.354657215558317e-33,2.4786596873429067e-30,2.2774448536686424e-18,1.4457097327135196e-08,1.648876004438074e-10,3.1544357887810744e-05,0.002807291547042707,1.2160969905097125e-40,2.827463759265392e-39,5.805380214431285e-05,3.4616948939463235e-11,1.4092200399732926e-12,2.3635374777999144e-07,3.942201380638173e-32,1.274490856748926e-28,3.359120920109314e-19,6.109490408571416e-32,1.7188011924941414e-22,0.024399192159491444,0.004829629033479723,7.962437516754714e-06,8.011820677620986e-13,1.8390867663619327e-11,1.197013241124591e-49,1.7507098054834088e-17,3.2549845569383715e-14,3.516410748594364e-25,4.12192608918596e-29,9.2057282647632e-20,1.3897249213949018e-35,2.187222684549369e-26,9.335202863482943e-28,2.0090657709491624e-40,1.8729098438835164e-33,1.8851909222981464e-11,2.9026215222846104e-17,9.751145700063482e-48,3.077969856300914e-44,6.6324104052536e-32,5.228320689563388e-30,1.271153389074448e-44,1.1818857071151487e-39,3.5385115559780574e-23,4.795427326090912e-52,1.1162189792801265e-31
Clean_Region_18,7.675802201041984e-53,4.382004947772076e-17,6.002624222331382e-38,2.0332349227016646e-35,7.801729359996034e-24,2.6302400633954872e-15,7.552002817160587e-16,8.678816800564969e-12,1.7917108757396098e-08,4.1194364499713267e-44,4.3739359158749884e-41,1.0656115912626316e-07,3.0302962197121645e-13,8.384849900949866e-12,8.154913075025433e-07,1.4804176380809914e-36,3.496715962130969e-33,1.745976368189659e-21,5.645558317519536e-32,5.41647868344248e-22,0.0002120713966223388,0.023505742901646042,0.0062228392074114135,5.839162385796827e-10,2.017545294881844e-08,1.5831571749357515e-49,2.1769352858222135e-13,1.0459761910669281e-08,1.8182322033852523e-20,4.056316940111072e-22,1.6424243402235615e-12,5.089164006897067e-33,4.8653819378305094e-23,7.313561136133532e-23,3.891425418968886e-36,1.8987699023158143e-27,5.458056872509328e-06,2.914377788630905e-10,6.178655718670859e-47,3.584213144219265e-41,4.37571154575217e-24,3.4834965075934294e-22,2.4362533205718073e-39,6.33772128560989e-33,4.3524834858922223e-16,2.270323900521403e-48,8.33524154902864e-24
Clean_Region_19,6.085970985478491e-45,6.615866265596942e-32,3.42221205823483e-30,2.044240731211547e-28,3.6278364492078907e-23,1.909905300236912e-26,3.819349635902769e-21,4.639510038874414e-33,3.364890208357695e-27,1.7886733907941473e-31,1.4752713897266403e-26,1.734654957140852e-13,4.3750803517087515e-11,7.101455517487684e-06,1.738133419886906e-06,3.5552422198926916e-27,7.342754405530456e-26,3.2857999720867045e-14,6.06414567922711e-16,3.434855631879581e-09,4.081645389403379e-15,3.8211406141890084e-11,4.5944786492081076e-11,0.0034535181977538394,0.0032174226840598697,8.532416269244505e-32,0.012174385270364466,0.0007563431115109173,1.3694532206480646e-05,9.714354998742819e-08,4.6306809742378563e-07,3.010699615350861e-13,2.1996920299610322e-06,3.0321282465251985e-06,3.1794480853190315e-15,1.1899466199544284e-09,7.677314763544678e-08,7.6495665066494e-11,8.548575634884512e-29,3.2898341346540444e-21,1.774644399940434e-12,2.716693971482753e-16,1.1699221599367513e-19,3.664300366313098e-15,1.4373344130872806e-20,2.889114541619092e-29,8.184040869036227e-20
Clean_Region_20,3.0905084910916073e-52,3.612018427642267e-29,7.039547502365418e-37,1.066322959054373e-34,1.4410283932493035e-26,9.541538171959574e-25,1.4870284265308805e-21,3.37550341449092e-26,6.892499251861234e-21,1.0480348072691321e-39,5.884976766434782e-35,2.8576285896960985e-12,2.907506685046321e-13,3.03698401269034e-08,2.561250253972963e-06,2.609975951343575e-34,5.258125957472726e-32,5.196432432768297e-19,5.213420241870653e-24,2.5557413329723543e-15,4.4798656281496816e-11,2.050071703043336e-06,3.904540418214177e-05,0.00014925548280633492,0.001172343676364231,1.7279444642264848e-40,2.7172570337413727e-05,0.01740887056847883,6.714474729508363e-10,2.802266244416702e-10,8.400633063580035e-05,1.720807902461957e-21,1.6910756541789037e-12,2.8602844022935867e-11,8.130957817896532e-23,1.4036349039043549e-14,0.0029767960088905045,1.1394032736150777e-05,2.662951071976621e-37,3.541340250006701e-29,5.169827643662396e-13,9.187148799288083e-14,6.293710730119674e-26,1.4917099184132768e-19,3.839477530680209e-13,2.566105857941034e-36,3.3513113636011086e-16
Clean_Region_21,4.199644171802326e-58,2.3532406232997467e-37,4.747661599677752e-44,4.7423823347255716e-42,6.280641138338885e-35,4.64054463902864e-33,4.627656605196061e-30,2.919392214646801e-32,9.421930672035013e-27,2.71428403978531e-45,1.2476040450640132e-39,8.452168532475845e-20,6.588710637184258e-21,2.4259773753529272e-14,5.124251132298771e-12,1.5987551995713467e-41,1.2181973406046684e-39,1.53488815221931e-26,5.624415528089873e-29,3.8969180140298175e-21,2.432299621800471e-17,8.618549741534722e-11,6.851196432770185e-07,1.7509455053303367e-08,2.9220016732193235e-07,1.0986996431203789e-40,7.853331966450703e-08,0.0018593578747303184,3.734235416931052e-10,5.990089269044664e-08,0.01142744691809771,1.3515630615779458e-23,2.123835700920916e-15,1.7072443280193393e-11,5.665910816726135e-22,1.0924473981362494e-12,0.003188577624147097,0.0033251640487765356,2.8318742361530087e-37,5.145837611360368e-28,4.763331730545991e-08,1.1147728372085488e-07,2.910571120349772e-22,2.551079074831755e-15,2.0220649777012717e-08,1.4532557776449718e-32,3.0683496263674312e-09
Clean_Region_22,2.873315405033605e-48,1.573751390055587e-39,2.8064383773455945e-35,8.609579342704407e-34,3.285736902673537e-30,4.360306171037768e-34,8.856715005479716e-29,9.257336844173146e-39,1.2208867652638843e-32,1.5299026037122717e-34,1.0192675450747858e-28,3.035246683365861e-20,1.4900306403721993e-17,1.512005933177805e-10,4.592021506381455e-11,2.4648091100895391e-32,1.421524460367365e-31,3.7270418053185557e-20,1.2314685923967846e-18,3.2533414993833916e-13,9.591175084888115e-21,1.1942970467881062e-14,9.896253058963978e-12,1.420704172248753e-05,2.6392673314153155e-05,4.2362410132542044e-29,0.0024687249769695207,0.0046651045713088975,0.0012206610444267989,0.006108409887021279,0.005859198825577078,5.726606667358854e-13,4.1568973728024825e-07,0.00037587886865391167,9.832392881111138e-12,2.7198357589507548e-05,2.8204296688114412e-06,1.781958528405371e-06,5.747551281430105e-26,2.2663873090794227e-17,4.75711433005501e-05,9.394388141010977e-08,3.028575865255201e-13,2.8325452193092263e-08,1.069662541191861e-13,1.0743548471669423e-22,2.684191942266207e-10
Clean_Region_23,9.521874986859805e-34,1.3362856140972244e-35,6.274379768259898e-22,6.4572288501368395e-21,1.3792200735938345e-20,1.2338848075352419e-29,9.826509539087693e-23,2.4017277254368707e-41,1.4820627984158728e-35,6.654996102014497e-21,2.232201138125659e-16,4.08876484339044e-18,5.705893457626327e-12,6.385979029757824e-07,1.4564125761114122e-10,4.7464949660576665e-19,4.886743124315695e-19,2.8601181321265886e-11,2.3082467398056755e-08,1.758013091202786e-05,1.378398429547461e-22,3.188954635654191e-19,3.8002680949387646e-20,1.4181983205758387e-05,1.5546224225741373e-06,5.654542164371437e-20,0.0027852214884949624,1.9867966156304507e-08,0.0011575193892466905,6.665176544056964e-07,4.312777014092038e-12,6.72410156152482e-06,0.016451279256200026,0.002017918782820753,5.762753447139055e-08,2.422381937984108e-06,1.962635476619193e-15,3.896845006239765e-18,7.811373683882187e-18,1.8852785921140674e-12,3.16569951773739e-13,1.4173057186249612e-19,3.59673624676103e-13,1.664879893792761e-11,1.3803194585446665e-28,1.445717293165554e-20,1.6716275117746158e-23
Clean_Region_24,3.2281018764906464e-24,1.509291488821908e-38,3.6379245792762877e-16,6.721762642964193e-16,2.1559504420860873e-20,4.3340003265218496e-33,6.158282410869787e-26,8.371438481151455e-48,1.0122075542587147e-42,2.9042830605414014e-13,3.972327609021703e-09,1.1827055944484322e-24,4.992166909382061e-16,6.140175577422831e-12,1.2602408661542372e-17,7.41765558316759e-14,4.438559332812896e-15,3.84058450157603e-12,6.0160573568749774e-05,2.8683879772864486e-06,3.9377991343140506e-31,8.431041323437892e-29,1.8903079582046817e-30,7.629460587638116e-12,1.641112658146007e-13,2.4848520934724043e-09,4.932400394210808e-08,1.8793395401966173e-16,1.461186882771905e-05,1.2674693196322219e-09,7.289694349416695e-20,0.02258910517956493,0.002151615793118572,8.419121502308295e-05,0.0005905894608074314,2.296667500014702e-06,3.234684362626898e-25,2.29690567431463e-27,3.52008889258274e-08,1.137171007353369e-05,2.9886859968940423e-16,3.726184440920897e-24,7.592272265926226e-09,2.138032926778771e-10,2.2081187808070843e-37,9.47054945124504e-13,5.544917629007337e-28
Clean_Region_25,3.859204910588323e-31,9.639330149689216e-47,4.47868073142599e-24,5.952323487624919e-24,5.184021335343625e-29,2.1096243877611524e-41,1.979587553520966e-34,2.2821752517874756e-53,5.811303300377318e-48,1.1443169172960715e-19,2.0272076019560412e-14,1.0329164748193892e-31,1.817748696479351e-23,1.2604390608045887e-17,1.2847947000365886e-22,9.782130570523786e-22,2.3754067812086123e-23,1.0393681025398951e-19,4.4847927931032657e-10,6.884616270441321e-12,1.1368783415935067e-36,2.2813028819853674e-32,4.707523729001332e-31,6.2340684814944586e-15,3.0198183811054614e-16,1.1329372733873144e-09,1.0700555981085868e-09,1.887451200502914e-16,9.37351856620973e-05,3.7359128512610867e-06,2.191924601913605e-16,0.0004346827629649821,8.4997698641329e-06,0.00045897881423740495,0.019983945468001287,0.0029909929964280226,5.4492195842225956e-24,1.1917097280668669e-23,4.134688465428542e-08,0.0006085795338180266,7.441170624186402e-10,1.2530840145233146e-16,0.0004164884051392506,7.491904641739951e-05,1.7174969544340611e-31,3.306579824197279e-08,1.2697092631339773e-19
Clean_Region_26,1.1718865428160754e-40,5.968049170401265e-44,4.661353463139989e-30,3.2772723904917636e-29,1.2229987169299945e-29,2.7818604301035043e-38,1.012837116785339e-31,5.788922513871909e-47,6.336485682970489e-41,1.952407840672655e-27,1.1983148588725493e-21,9.274954835499482e-26,5.148301743448614e-20,2.5609225633794384e-13,3.552210642192735e-16,3.426293477110245e-27,1.1520021534445156e-27,2.1861051756941847e-19,1.1221264957142075e-13,1.5567648630533683e-11,1.1841069696091606e-28,1.9523265139783806e-23,2.8015255548499553e-21,2.9258948357446634e-09,6.766319657222901e-10,1.8060990094033166e-19,2.4563276580844245e-05,4.523860569244728e-09,0.007165778903786824,0.0017701355853870185,5.920709639164424e-09,2.1049073589846423e-07,3.195781148048556e-05,0.009514534310651907,5.854670721632946e-06,0.006936560445686284,9.243042317764179e-15,7.882365854034544e-15,6.80777261316876e-17,7.314985270390999e-10,1.3493569719350471e-06,6.4889965666602245e-12,1.3062243687207493e-07,2.1862388432579285e-05,5.069110526055776e-23,8.420784433737372e-15,5.709296156647335e-15
Clean_Region_27,7.031537872304894e-60,4.768008960452694e-28,3.154341542281159e-45,8.413779135639214e-43,1.6194759072844182e-32,2.3338548762258233e-25,6.746671288933844e-25,1.2016764119369598e-20,2.7079161209662866e-16,3.648652179440896e-49,1.457048907692523e-44,1.2233691360478596e-14,2.419275022126469e-19,6.404316935015583e-15,3.3023394920842974e-10,2.193187701903703e-43,2.048669858116713e-40,2.6218056581543004e-27,1.8151042142108807e-34,7.160313549006533e-25,2.699856497443364e-10,2.9650431831158477e-05,0.011560223214052716,3.1406917917070713e-10,1.877840572362246e-08,8.481034325023541e-49,8.615515027005286e-12,1.843101121407536e-05,5.807780199034436e-17,1.5359331548416763e-15,3.1681106555202718e-06,7.578943501152352e-32,6.376357803950075e-22,4.080232052927715e-19,5.631477902197542e-32,1.2555372924649393e-21,0.01843051793388824,0.0004704980757345207,1.2221376482523842e-45,1.1151053502252575e-37,1.5370082964065723e-15,4.0299910121670643e-13,7.67841044066772e-33,2.930968450848566e-25,1.6393966798916295e-08,6.334145225316861e-43,3.506764694444512e-14
Clean_Region_28,3.927162629003651e-63,3.3511439183188757e-35,5.304944412589445e-50,7.75694976446779e-48,5.2891152272094704e-39,1.51814637250254e-32,4.575726591063792e-32,1.2498861258139968e-26,3.2807315759174956e-22,1.3310056807366045e-52,1.6407452959919261e-47,1.669272284865126e-21,1.0141639738680173e-25,4.961772276417955e-20,1.5936183855217506e-15,2.336553903440936e-48,1.0072231150913232e-45,4.82404050585796e-33,4.136145576075012e-38,1.4804262300517147e-29,1.8828987405434872e-16,6.265590236084739e-10,3.389863363237048e-05,1.2674421180184566e-13,1.1311665117106644e-11,5.479836443182575e-48,5.676162227984041e-14,1.4649418692254494e-06,3.122848978830227e-17,1.0940533309108891e-13,6.556489348314371e-05,2.7411089271241388e-33,4.0470408217268066e-24,3.1403312095855526e-19,5.705832330917058e-31,4.6651525247605714e-20,0.0035940220402398007,0.029397317345725215,7.756617082945627e-45,2.8308175141672963e-36,6.392659269626398e-12,1.8405850273419163e-08,1.1295881790686806e-29,7.028686830064527e-22,0.00017251311234919368,1.9121299426091155e-39,1.4782607660473841e-08
Clean_Region_29,1.0569855636194848e-17,2.2841251268376103e-42,3.062155517494861e-14,1.0174610160179892e-14,1.3116819502032645e-23,5.464871877761226e-38,1.5112033378058572e-31,4.693315310734679e-53,5.453400695776725e-49,1.3492572663740023e-09,5.7127353897660345e-06,6.170255630599037e-33,2.527957982561759e-23,4.928037812757612e-20,1.2795676285471362e-26,6.808017641151399e-13,4.799874930146817e-15,3.808301389808584e-17,1.8383311084839845e-06,1.1122988978548589e-11,4.793184877546611e-40,3.0515958926930433e-38,7.077349542160821e-40,1.5945195120664258e-20,1.709834927876505e-22,0.01419932948121885,1.4027044556751767e-15,2.174081829030298e-25,1.3188551568252045e-10,1.6945225225613564e-14,5.456803944355466e-28,0.0003753692405997757,1.5030457078426344e-08,1.1829370418310678e-09,8.90742269463263e-05,6.874298142995539e-10,1.5775628392318907e-34,1.2839211207279025e-35,0.014847539995430294,0.0013795546424202258,2.494388876830366e-20,4.31844270353941e-28,2.7094689637791413e-08,4.043322749436513e-12,1.3585505635631381e-43,7.921825066567252e-09,3.9862716585265554e-31
Clean_Region_30,1.8902242604657837e-24,1.4818709255783362e-48,8.255213273613937e-22,2.5403480574705615e-22,3.1000006586921876e-31,1.1865263868971075e-44,8.13703105254477e-39,2.630618193836956e-57,3.148769105574501e-53,3.256864668471553e-16,1.2443426253106326e-11,1.7648517311847528e-39,2.6913163141013085e-30,4.565886508509498e-26,5.228322136434584e-32,1.5876179564111506e-20,6.063452226767851e-23,2.0911232207591792e-24,4.320302716632414e-12,1.3684373020313933e-17,2.0933894800284705e-45,2.1420589796919697e-42,1.0368941172564773e-41,1.3953383887647324e-24,2.842626157326841e-26,0.002933412372638354,1.8884987469343785e-18,3.809888622855213e-27,1.9360799407558687e-11,2.537369760388325e-13,8.621077394693093e-27,1.6571682114108974e-06,5.186747489976599e-12,1.2819042558978312e-10,0.00022344048066170972,1.6308869611311674e-08,3.921931397289939e-35,3.924480984955749e-34,0.008710332663486945,0.021798793636274932,1.547736961542489e-16,3.1207893942097276e-23,4.495458199860631e-05,9.851892704496254e-09,4.1340317175347704e-40,5.266305169225039e-05,1.7892346710246476e-25
Clean_Region_31,2.737805666912807e-37,7.695478382061161e-52,7.311398275505162e-32,6.831431494214412e-32,4.826048879997977e-37,1.6469613115812244e-47,7.422023913127891e-42,1.9564874312206912e-55,1.9061513102353503e-50,6.954078075916748e-27,3.326521707952109e-21,1.8457388257391105e-38,1.402012403050095e-31,4.0580959001317663e-25,1.1102738916656245e-28,5.185666022169965e-30,8.647164337301202e-32,2.5542693868117988e-28,1.4192491947004833e-17,6.263892704809832e-20,1.8036824785168342e-41,5.6239915632387285e-36,4.0452108977510275e-32,2.7118698449075183e-20,3.999410600066997e-21,7.524502203970018e-12,2.856965274323399e-14,6.657616321363577e-19,4.0632428033991577e-07,2.8309493916139193e-06,1.2657835533066462e-15,3.634543471536141e-09,1.255273229635658e-11,8.806532550986444e-07,0.00015703913536564847,0.0008014603220597114,1.86183914639974e-24,8.164760321936227e-22,3.306242991824669e-10,3.82367279043982e-05,1.9366306312600925e-06,4.128106902422439e-11,0.02171957428259902,0.011341743012335464,1.880682865298428e-26,5.719371254270432e-06,7.514094855481478e-13
Clean_Region_32,2.1558764347908058e-44,8.820596603660169e-50,3.687030463386569e-36,1.3322205415910713e-35,3.1880992998766447e-37,5.544058707101448e-45,1.7852040858334404e-39,9.951838816137337e-51,3.8398900131696794e-45,2.58940998163256e-32,3.9753348969886185e-26,1.814060732747963e-33,2.370606305220306e-28,5.478129863881849e-21,4.252301226470816e-23,8.483829375704518e-34,1.0714755409361008e-34,1.597066571534419e-27,1.1535287384580248e-19,6.565376946304829e-19,5.467507572262057e-35,1.9468578905458237e-28,7.468505192207445e-24,3.79658122220271e-15,2.1977823500942026e-15,4.546647948599299e-19,3.903176882995928e-10,4.489199129802441e-12,5.090805546183217e-05,0.003266867005869444,8.95318977972285e-09,4.1076522948808175e-11,2.7761935668661774e-10,5.186134337969513e-05,1.2843196708806315e-06,0.006487527799754198,2.3721087871161324e-16,6.64460782091876e-14,1.203515998799022e-16,2.1533545157528913e-09,0.004915832878866999,1.7919183603056915e-06,8.03206047625466e-05,0.016901552961677554,9.317971815443365e-19,5.000419032584331e-11,3.0581427241029685e-08
Clean_Region_33,1.1450009848142448e-59,5.230132075029206e-44,1.5022937805087827e-48,5.483648100669801e-47,4.818616489190907e-42,1.841705809014294e-40,3.7031278057459235e-38,1.26975402417465e-37,1.6130382352247944e-32,4.4242895439600016e-48,3.82474770228291e-42,2.573544716554375e-28,3.0623016667813516e-29,6.64884531945886e-22,1.8041280982309633e-19,1.4896560636761183e-46,2.6260583774995437e-45,5.799376618998481e-34,2.3373707240691098e-33,1.2433487110075324e-27,5.752334159509892e-25,3.48670880880238e-17,4.625167648335302e-11,1.9413563898865916e-14,5.435406488604055e-13,2.903522461987743e-38,2.5559847515669516e-12,6.127546567188999e-07,1.232155249531563e-11,2.8667680945061977e-07,0.0037204351211495524,6.828476745681395e-26,2.0052468943260266e-19,6.673014930226218e-13,2.7798710788154677e-21,5.418732298370744e-12,6.322436029401471e-06,0.0037083999393282495,3.5594176345142724e-35,4.5296168529765524e-26,0.00014989784236197815,0.014799256123540598,2.2755698377758767e-18,8.99735791756519e-12,6.486542769441944e-05,1.8720525800772662e-27,0.008966367958637995
Clean_Region_34,8.326230737301676e-54,1.711073984485241e-47,1.4962580401177725e-43,2.0958416297385268e-42,3.3378749258150003e-40,4.38602989628178e-43,5.2505164251969936e-39,2.1930518000507555e-44,8.45033493491945e-39,2.0573765103876876e-41,4.276296388366877e-35,1.8142528325723012e-30,1.6698312905706075e-28,8.442092046772045e-21,1.9193158413948997e-20,3.426244311494682e-41,5.944601269238977e-41,7.78730036842411e-31,8.765091277502565e-27,5.389590448792138e-23,2.066201612412699e-29,7.21265819814847e-22,3.3355543567007135e-16,8.549402725037792e-14,4.19544095118688e-13,1.2827176441798095e-29,2.8592671079893094e-10,4.185228683458483e-08,1.9250596820798236e-07,0.0004692813529657323,0.0002577946919087854,2.297073154996106e-18,2.8671049596117655e-14,4.17775989974448e-08,1.2286118368753745e-13,1.4479245780463515e-06,1.0778855607031943e-09,4.417578274496743e-07,1.2602401029148144e-26,7.823197809862547e-18,0.023457168507997256,0.004861849517660139,3.742422966681874e-11,3.4548229429720672e-06,1.3881269760378054e-10,2.534495953209605e-19,0.00037054060182490896
Clean_Region_35,6.37472083693008e-30,5.668143814257208e-54,4.244499077826236e-29,8.112740296329267e-30,4.1324029949704234e-39,5.268965771980335e-51,2.3322526311282162e-46,5.875922461312089e-60,2.7301762041586228e-56,8.930553845670741e-23,7.828780940305628e-18,1.6322938951965338e-46,1.7320961778356873e-38,1.430193990817128e-33,2.6555402108829835e-38,2.5550996267918035e-28,5.7614589202111685e-31,7.860813905237982e-33,3.714149182542794e-19,2.0211297116249712e-25,1.217782537973527e-50,2.3505920064057986e-46,4.225932443814131e-43,5.2299563531475444e-30,2.9914461259529368e-31,7.84803141783657e-05,5.22192715770133e-23,1.187605683602177e-29,1.1733981275420986e-13,3.2491797610432064e-13,4.379636998168564e-26,3.415868729625421e-11,1.4779476853898388e-17,4.1573987780393577e-13,4.5717767854801855e-06,7.516725099780875e-09,8.872301227513041e-36,2.0448274258477844e-32,0.0002383170511173532,0.0035421106315285927,5.207813499192885e-13,1.0494224177484712e-17,0.005319772762774462,2.686248769398827e-06,3.414893060182878e-35,0.0216974857597705,1.0883119929323626e-18
Clean_Region_36,3.526492908823594e-67,2.7974965946260798e-43,7.504239291990605e-57,4.565707797868461e-55,4.1386096235090424e-48,1.7853070622758613e-41,7.159789976114107e-42,3.9928841760634655e-33,3.7460575659332645e-29,7.484177381319689e-58,2.13752749734529e-52,1.3297799339609266e-31,6.511940588218871e-36,1.7904008131884814e-29,1.2199706170269335e-24,9.995819134522318e-56,1.1003167760078188e-53,1.3698761109843816e-42,8.054090442394043e-45,3.5965007139320315e-38,1.765291960097552e-25,1.06208397323509e-17,1.211454387963182e-10,2.3290580488520857e-21,4.0220188387820137e-19,9.211911457801882e-48,2.544621632725338e-20,1.1728885785248073e-11,1.2966836420017138e-20,8.231373200467639e-15,6.882130869767824e-07,9.39176697793451e-38,3.082736921157759e-30,1.335469173229785e-22,2.3790750401633056e-32,3.0531343659203144e-21,2.861986292378423e-07,0.001366732061567353,7.116954571480022e-45,2.3297612096539276e-36,5.267788860246704e-10,0.00010097660708913999,1.0727940604772324e-27,3.911218348281291e-20,0.03179551059563345,3.051124674612364e-36,0.002019789317360845
