,Noisy_CP_0,Noisy_CP_1,Noisy_CP_2,Noisy_CP_3,Noisy_CP_4,Noisy_CP_5,Noisy_CP_6,Noisy_CP_7,Noisy_CP_8,Noisy_CP_9,Noisy_CP_10,Noisy_CP_11,Noisy_CP_12,Noisy_CP_13,Noisy_CP_14,Noisy_CP_15,Noisy_CP_16,Noisy_CP_17,Noisy_CP_18,Noisy_CP_19,Noisy_CP_20,Noisy_CP_21,Noisy_CP_22,Noisy_CP_23,Noisy_CP_24,Noisy_CP_25,Noisy_CP_26,Noisy_CP_27,Noisy_CP_28,Noisy_CP_29,Noisy_CP_30,Noisy_CP_31,Noisy_CP_32,Noisy_CP_33,Noisy_CP_34,Noisy_CP_35,Noisy_CP_36,Noisy_CP_37,Noisy_CP_38,Noisy_CP_39,Noisy_CP_40,Noisy_CP_41,Noisy_CP_42,Noisy_CP_43,Noisy_CP_44,Noisy_CP_45,Noisy_CP_46,Noisy_CP_47,Noisy_CP_48,Noisy_CP_49,Noisy_CP_50,Noisy_CP_51,Noisy_CP_52,Noisy_CP_53,Noisy_CP_54,Noisy_CP_55,Noisy_CP_56,Noisy_CP_57,Noisy_CP_58,Noisy_CP_59,Noisy_CP_60,Noisy_CP_61,Noisy_CP_62,Noisy_CP_63,Noisy_CP_64
Clean_CP_0,0.015744252775086506,7.247706135639227e-07,0.0019323366257964435,6.646839374471996e-08,3.3243381223113854e-07,0.0021017041735884347,2.1826409742429884e-09,2.5893384172089453e-08,5.66486802508542e-08,6.03942318031574e-12,1.1745971568410382e-11,0.00016716697460577028,1.2559062108392324e-05,6.565332494874367e-08,8.091430888830489e-09,1.2982286536360568e-12,3.889887258594642e-10,2.5970255643577684e-08,1.2316792915239822e-09,5.64866659387222e-12,3.4311686817984793e-15,0.0008665033536371619,6.528031877988202e-09,7.797496833535589e-10,1.8881361496028646e-14,1.3857975074797166e-07,8.015011931223273e-11,3.982520785848404e-15,1.593647318133309e-06,5.9728886297628336e-18,2.581762840552396e-16,4.0364219320044473e-07,2.776962377774791e-17,1.147571819401899e-09,2.0943009759642814e-14,2.8323099016910274e-12,8.42810997621621e-18,3.1976243351852727e-17,1.911023959686276e-08,2.494876812551978e-09,3.976730331852852e-15,6.27308642051686e-16,4.799898473543307e-18,1.563591407613805e-10,5.425073841306993e-13,1.6987933964119635e-13,1.0541501189179757e-06,6.397357868663847e-17,4.689740326591425e-18,7.486341741169074e-11,2.2537988463980966e-10,8.044415530160709e-16,3.980983205908579e-16,2.6255105418023532e-14,2.4283172196296783e-13,3.289516197459159e-18,3.7088763216272495e-14,3.194331725170534e-12,1.0101037970038843e-10,2.949701006938133e-12,7.944316485516087e-17,1.152934991719741e-09,6.312304605441475e-16,2.611372178850559e-15,1.7021568734088749e-15
Clean_CP_1,2.0136350051024972e-05,0.0009601801788397215,0.0038559205281017846,0.00035711989293529995,0.00031364344387242835,0.022582041995959853,2.748311584665633e-05,9.557347010571e-05,5.040568405592734e-06,9.924373128741276e-08,1.3130244711884735e-07,0.00020489039764840826,0.0005527195660109906,1.6217610550173133e-05,4.360630887196715e-06,6.325465194875193e-07,7.953538201969682e-06,0.0001451004601212438,1.4431746343334389e-05,4.463538333340529e-07,4.539703524862275e-09,9.353528970309428e-05,2.0557299956207885e-06,1.774893692692968e-05,8.324404232061053e-09,5.734211390971617e-05,3.34848193492014e-07,1.3101563421282888e-09,1.3578345865598998e-05,9.27143805850703e-12,4.669103958119639e-11,6.032473119733776e-06,1.7872084871312924e-11,2.217277537467683e-06,5.113608962835249e-10,5.523720190981028e-08,9.01419311379715e-12,8.417791576066883e-12,1.642116126733697e-08,4.9870025894718936e-09,5.3879057293871097e-11,3.3380607700668094e-11,1.941697352153008e-12,1.3177628302722292e-08,4.858944080560456e-10,6.89226898160543e-11,1.6836432314448597e-07,1.3387091651522256e-12,1.8853341738240888e-13,2.9288456194079425e-10,5.574368925718062e-10,9.639218897117417e-13,3.807281462732602e-12,1.1874814538590739e-11,1.3158730250460045e-10,4.5826891195324065e-14,1.4888140626699373e-12,1.7717781821496137e-11,4.232491703502273e-11,1.409997059385352e-11,3.0837926123877414e-14,1.0715788322968355e-12,6.494122341480017e-14,7.491596630425072e-13,9.416250033658048e-13
Clean_CP_2,4.252171900525661e-10,0.011775316583265335,2.8108460780193036e-07,3.934004235602715e-05,0.012372513363037647,0.00018264653720549747,0.00022205970699899874,0.0005343016749908812,0.0011569117137460966,3.8218103200318624e-05,4.781286337271703e-05,4.17676755880926e-09,8.994646116732398e-08,4.070160163411425e-09,8.586293643536678e-10,4.823545482789438e-06,0.0002499915612438299,1.6116673423471548e-05,9.307792973921594e-08,0.00010730517928333432,2.655975559853069e-07,1.471779255965133e-09,1.6842070284391999e-10,7.568163933522568e-05,9.526407609526277e-10,9.891778842053825e-08,0.00011638105159497899,4.2295113555418856e-07,4.730461614711895e-10,1.8192406261361347e-11,1.1877988435855024e-08,9.74775403313452e-10,4.3918095300401226e-11,1.9522873670708143e-07,1.4928537685508246e-12,9.7829719882673e-07,1.2852614855533695e-11,2.3478834344644957e-09,6.25646616604235e-13,1.968897911177058e-13,1.6831343785701844e-10,1.698576593811608e-12,4.912616102474674e-11,2.1515771458008986e-11,4.897727204728764e-08,3.1478056449232e-14,6.654030009450575e-12,8.491114566333827e-14,9.281317528032149e-15,3.0623511790221947e-13,1.5402740065105114e-13,6.074043448710067e-15,2.505562576387828e-10,2.0516249488528733e-10,6.851514147170984e-12,8.784522813104184e-14,3.678419028611321e-12,2.213417825366078e-14,1.645420655473996e-13,6.829876774329483e-10,9.984960566551907e-14,6.117319950454201e-16,2.771834503982119e-13,4.351607772909659e-14,3.4798579170518184e-11
Clean_CP_3,6.147017016818022e-12,0.00012504794821172773,7.063222922919511e-12,6.968801086049876e-10,0.0007316108271808882,1.6418824032753397e-07,1.2925051696583577e-07,7.808796109827168e-07,0.007873793857228526,1.7779253396489957e-06,3.2184645672486174e-06,3.6440513813266775e-14,2.351590429963073e-13,2.80053544394433e-15,1.8651988126925076e-16,7.723966832218745e-11,6.729082036929799e-07,3.093825392861501e-10,3.8655186474353155e-14,7.007303355402192e-07,1.9244315267135742e-11,1.0759845345796999e-13,1.8431540602230003e-17,2.401302351254559e-08,1.8718185891281382e-16,2.5835154555829895e-13,3.6450873416577715e-05,1.3934817820345273e-09,5.987717862508516e-16,2.7057367397514697e-17,6.119502128672407e-11,5.245405969993515e-15,2.314032908821616e-16,1.0604069208186409e-11,8.26677068352322e-20,2.3523342113715203e-09,2.038543561264064e-17,9.015395195477016e-12,8.050737458918458e-18,1.0624463639679352e-18,8.489963984638925e-14,1.3589066383317304e-18,8.479971197066841e-15,2.559160419245825e-16,3.003474922254105e-08,1.3686151655814278e-20,5.487590236773075e-16,2.50116815357943e-19,9.671497041336822e-21,5.750520720139926e-17,7.707116904216126e-18,2.2774754409845488e-20,7.634580081364533e-12,3.51257703941254e-11,8.321723694961853e-16,2.299454441353962e-17,6.555475269582298e-13,3.584111962699802e-18,1.9494345687379198e-15,5.188637324258559e-08,2.1515072940840988e-15,3.977727611162112e-16,3.54046965429098e-14,1.2697075776169796e-17,1.1374407453256334e-11
Clean_CP_4,6.015006154391261e-07,3.3481100236472334e-05,0.00971988930552362,0.0008616667474564859,3.973327518102321e-06,0.0031732159982863217,7.512592176587875e-06,1.231408720748974e-05,3.4778682193912286e-09,3.362211214245049e-09,3.3974194983618117e-09,0.00199834738352887,0.0078635687850214,0.0005877448728772756,0.00038054455470957034,3.906641659022866e-06,1.6915666213415368e-06,0.0006316735639884655,0.0007545420196790653,8.813707815737202e-08,2.3279159750179316e-08,0.00025544014303601154,0.000594727998750992,2.0598048863882167e-05,1.6287027071414392e-06,0.0013627666150536483,6.547961501070332e-09,1.1261415529765328e-09,0.0008732052982074925,1.1157165148929494e-09,3.6060794023004897e-11,0.00019299361273447343,1.1433034916374297e-09,1.7829689314234695e-05,5.371791097850093e-07,5.5681200802333945e-08,1.5288132449416347e-09,9.760303735839921e-12,4.321869488554781e-07,2.734617416641463e-07,3.738054625901893e-10,1.111190388619232e-08,3.3522260510773285e-11,5.558943961992568e-07,2.426213023698724e-11,3.580303423862942e-08,1.3247291214435777e-06,2.496015879637657e-10,7.461934966127029e-11,3.392217549896135e-09,1.217617268930731e-08,2.2840038568198598e-10,2.6928195601690066e-12,2.3959301016627747e-12,2.3360913771678807e-09,1.0458811313860036e-12,4.3408626228487284e-13,3.2541614889402247e-10,4.1797512842691476e-11,3.8270681883671915e-14,4.184375925224076e-14,3.569382241942178e-14,2.4595944580868837e-14,1.5010849525596937e-11,1.5801319648979809e-13
Clean_CP_5,1.8067171997238908e-11,0.0006158387501606126,1.4562541809836004e-05,0.002649012148933032,0.00010770276764154921,0.0001458213776451569,0.0003039852761377549,0.00024234644505755881,8.063422168292757e-08,9.921115474065797e-07,8.260828420911465e-07,1.1613143095798914e-06,7.494633207740329e-05,1.5423711592107183e-05,1.2164554049191282e-05,0.0007814606060648657,0.00016757429730525903,0.0019435151886491096,0.000679415087477161,4.0458555514380506e-05,1.8762080527921202e-05,4.609149954574212e-08,8.845620772299005e-06,0.0007481677658746763,3.209184814292076e-05,0.00013448302754301796,9.87967259866261e-07,1.0585186711509637e-06,1.6934281173628598e-06,1.559965398896755e-07,2.2425275095687074e-08,1.0754841344057755e-06,1.1766964376817808e-07,2.5728220552732898e-05,3.7467546739117653e-07,3.316441817117825e-06,1.4610716934146747e-07,7.309271109774626e-09,3.0817052072596645e-10,2.8388105112318883e-10,6.961267909081601e-09,4.735923417200929e-08,7.94154462684888e-09,2.217499133982421e-08,7.926749262045828e-10,1.3808593102945714e-09,4.5416776709813987e-10,7.663541239495545e-10,2.6754315372477466e-10,2.5102533120905644e-11,3.732786836205838e-11,5.5374264901485864e-11,1.8225825653797751e-10,2.183448840390819e-11,1.267207846596868e-09,1.3991149806009761e-11,4.850793782237803e-13,2.97406023981612e-12,2.2412040108359485e-13,7.783885645143575e-14,1.4532389293110092e-13,4.927524867406073e-18,5.4879770315990737e-14,5.871437936631318e-12,2.195740365674365e-12
Clean_CP_6,6.01276355122633e-14,0.008778566806844568,4.524450902578338e-09,6.746442555241677e-05,0.008164265119189757,4.774182890861037e-06,0.0007809846908509017,0.0007569437015326212,0.00019816717514306543,0.00030084802185565107,0.00028756413759182354,1.036141918534243e-10,1.2399760019323071e-08,1.7147712316400193e-09,6.709207244076894e-10,0.0003117226140850484,0.0021544829030214086,5.270744759671031e-05,4.4336834629261824e-07,0.0033640550809921144,6.309995764741306e-05,1.0261535949712636e-11,2.2344131592023765e-10,0.0008797090800368984,9.977997287314593e-08,1.0341472415725275e-07,0.0006687087417574654,7.328654362533387e-05,9.034967605043951e-11,8.56837717089254e-09,1.6763431360646376e-06,3.1123064275377734e-10,1.4245648828949546e-08,1.1450809989524851e-06,7.049711727141061e-11,3.012647734113304e-05,6.980832727691052e-09,5.124552635602793e-07,6.260155962995636e-14,3.9052295412121925e-14,9.889584412192298e-09,2.0375242613535054e-10,2.6111879977078283e-08,4.411988099160908e-11,3.621602694397368e-07,2.6027479882516806e-13,2.3952882252676386e-13,7.359584061118288e-12,1.3185895543615764e-12,1.6234854295298306e-13,5.655639451396731e-14,1.5437403217839617e-13,1.523690560458513e-08,1.7473238162447758e-09,6.788159687097081e-11,1.1509644984023261e-11,1.2022634393873117e-11,2.07588807367753e-14,2.505052368307292e-14,2.4863429909335357e-10,1.5142619747165054e-12,1.2280802032314984e-18,1.6357016594983023e-12,5.6581318397232e-13,4.1292941557450523e-10
Clean_CP_7,1.7544951019260764e-06,4.186940204403824e-07,0.006110140127457048,2.5963198559149085e-05,3.736880959802922e-08,0.0003310400808001644,8.437888919049517e-08,1.6144573462364663e-07,3.5990645697556274e-11,2.2128358795256893e-11,2.37069130115532e-11,0.004491569855463672,0.003516309173896652,0.00018731713366263442,0.00012618916748473612,4.79565907981987e-08,2.3222227005547087e-08,4.3177957560188616e-05,6.897934263088745e-05,7.736196750088348e-10,2.662076225697203e-10,0.0014725392275790445,0.0007618143281098474,6.27139435737649e-07,1.0839156257958701e-07,0.0006656899687693151,1.0453146023621491e-10,1.6484140777447186e-11,0.00406872590468209,6.177191998995033e-11,7.486425891617429e-13,0.0007435075920280234,8.2586254871614e-11,6.241222605318796e-06,4.617114611391815e-07,3.375769646612383e-09,1.4953330609856675e-10,2.274057793660047e-13,8.040454507309341e-06,5.09511601343887e-06,1.0400803680822907e-10,6.902641594268747e-09,2.701152599456864e-12,2.535397718672539e-06,2.3316225578320453e-12,2.470159461369133e-07,3.4343341521525944e-05,2.341312343251218e-10,7.439870881568791e-11,5.311362344925458e-08,2.578291168408252e-07,1.2028849716223108e-09,3.4783500979939304e-13,8.21367644895976e-13,5.254566941938258e-09,7.894006342640404e-13,8.373235919787777e-13,6.609029780627347e-09,8.386591475511313e-10,1.470385213512095e-14,5.5528844003639953e-14,2.0370235298529686e-12,3.3435639499488566e-14,6.923136361978247e-11,4.8487823109761454e-14
Clean_CP_8,2.122472652285243e-06,6.0876904634258585e-06,0.005814311737400072,0.00011039801034509279,7.273858139881841e-07,0.0012388332520196115,8.83922501441013e-07,1.7608188022097077e-06,1.3889712494052995e-09,5.642648685852667e-10,6.234588240669914e-10,0.002519331188874684,0.003575651909287591,0.00018869783758403364,0.00010596792892599026,3.6798097590500444e-07,3.432802747885138e-07,0.00017981027856808917,0.00012920995227758958,1.519748368209202e-08,2.8800437598124175e-09,0.0008587550338582958,0.00039132100733686476,5.800729590071225e-06,2.761707951143392e-07,0.0009329499619580546,3.044096992073143e-09,2.974067171187184e-10,0.0017269872609498983,2.6320615866059123e-10,1.3157498296197591e-11,0.0005212956188083405,3.912841964899301e-10,2.1168372559834184e-05,3.901868494421658e-07,3.7181550455065067e-08,5.556594335471343e-10,3.7855310494638845e-12,3.2441261785486286e-06,1.8545150278160872e-06,6.046033509563775e-10,1.1504707152546573e-08,2.127982140574722e-11,2.5156571529841323e-06,4.8740029929672725e-11,1.2646783639607965e-07,1.5969449996905067e-05,4.2087068905481095e-10,1.1415456557806786e-10,4.877618645865741e-08,1.57762329574394e-07,1.1350401077437173e-09,4.6763730056935935e-12,9.995414334185578e-12,1.1577549513937765e-08,3.070550374806011e-12,5.613478502214101e-12,5.528044706594565e-09,1.350992322445388e-09,3.7732352326035907e-13,3.255385642673202e-13,3.2488656652001675e-12,2.455779420660701e-13,1.3489578557057092e-10,6.730047694250433e-13
Clean_CP_9,1.0175053608948715e-12,1.3655656518119236e-06,2.1314479127313636e-05,0.0006549711206974355,7.357938734813948e-08,5.558111104044571e-06,4.3250384215490286e-06,1.8984189837401133e-06,4.0850632615036176e-12,1.4371574712958665e-09,9.762331880439718e-10,1.2397036880923237e-05,0.0005525034788569466,0.00022759932287721104,0.0004046008208081696,0.0002665495330543937,2.64326686090663e-06,0.0017080865271533211,0.00727729579701402,4.117508509864933e-07,5.299369125197329e-06,2.637947024147177e-07,0.0018482300768134891,0.00011759110401166821,0.0010134308040811479,0.0017903363826310957,1.891634591728005e-09,7.048918857507944e-08,0.0001565719684023601,2.8209707482102483e-06,1.7669389109965554e-09,5.85906295164084e-05,1.425776558395986e-06,0.00012152928524567622,0.00023823826812807556,7.192042119893558e-07,5.2510501204256916e-06,9.033569858293273e-10,2.7719828494048673e-08,5.016358226010039e-08,2.350203188362924e-08,9.234901565828573e-06,3.015104394937603e-08,1.8804443967553439e-06,1.4159054576628999e-11,1.3964926792845007e-06,1.6425510052610438e-08,1.119415933392627e-07,7.991883399113098e-08,1.2458673543849255e-09,3.62024878787652e-09,2.5341216121856768e-08,4.674433287260926e-11,3.2166137208264825e-12,3.481149525339139e-08,2.332583902996842e-10,2.424714987494203e-13,2.5633683930520505e-10,1.3921817560663056e-12,2.259697438763644e-16,2.421506851402386e-13,2.2439906012924117e-18,2.884968746894076e-14,2.6065324783020173e-10,2.4484350308880024e-13
Clean_CP_10,1.3645700267870647e-14,0.0024226246358111767,9.459747376194952e-10,1.6791167425639347e-05,0.002273754621906264,1.0672329373291363e-06,0.0002193803377206016,0.00019640896973420867,9.732062420999062e-05,0.00020321390341559583,0.00019770889055746794,3.73459548367443e-11,3.589610648003458e-09,5.115547463908272e-10,2.005799495793368e-10,0.00021209317746677793,0.0018929049896932186,3.230123471086133e-05,1.7686228364755246e-07,0.003943018704014566,0.00010100240958058145,5.045220518002247e-12,1.2649726960214455e-10,0.0011456508761314044,1.0161914083906246e-07,6.687307107173548e-08,0.0014847136593763737,0.0002813280452081301,5.773720133295198e-11,2.4054857827888517e-08,8.16944986006368e-06,3.5264164071621857e-10,5.232629845481849e-08,2.810055245122343e-06,1.219999137423242e-10,0.00012708481017910278,2.848241864222991e-08,2.957919031049114e-06,8.439474360027323e-14,5.766055715305026e-14,9.35076144642236e-08,8.89410196783355e-10,2.585138014122243e-07,1.384392823628444e-10,3.3799862076566033e-06,7.721040033723754e-13,3.688395147308705e-13,4.5554912637596916e-11,8.075710103290473e-12,8.772640291394892e-13,1.9719782045353466e-13,1.1956477136579324e-12,2.0993692625720077e-07,2.691951437149251e-08,5.769878171563235e-10,1.941752680837143e-10,2.6292971497204255e-10,1.5484989656008267e-13,2.4868125235171257e-13,3.740873837094445e-09,3.3406307221244284e-11,6.583483593038807e-18,3.614004920806597e-11,8.649091439286245e-12,7.287333492220987e-09
Clean_CP_11,1.1372767949512687e-17,4.262199005001203e-05,1.5706414805443e-09,0.00018748426108359308,7.072364058160492e-06,6.636612849706572e-08,0.00010745088656092027,2.8521470962253625e-05,2.3233436252201945e-09,2.297141417905001e-06,1.4420645280046475e-06,2.5321381992316196e-10,1.217825651026088e-07,9.112909674461386e-08,1.3367856524014586e-07,0.011502927782745193,0.00039934194965094116,0.0005928324207295399,0.0001264414756308092,0.0005611146401119991,0.002459718903907241,3.436259433148889e-12,2.59952531236884e-07,0.002516267606622126,0.0005816800382736555,6.389730414442025e-06,3.473341206335123e-06,0.0001915158104875481,6.690517675443136e-09,4.20864166958382e-05,3.7167191979214046e-06,1.503352892031738e-08,2.6079091081241865e-05,3.885210353154303e-05,2.498357203737263e-06,7.779997342350235e-05,5.6991551462782134e-05,2.187865531729171e-06,1.250390528182841e-12,2.5564217105066707e-12,4.392839358367999e-07,2.4207214259281474e-06,6.5165325376892095e-06,7.52621181147015e-09,7.486306032361076e-09,1.6579824097507751e-09,6.932363801569173e-13,3.600586742925516e-08,2.0631822105358142e-08,2.6964158683617677e-12,1.7749272811603408e-12,6.041430229142239e-10,1.9343886352065742e-08,2.723437383629054e-10,7.0555714698808835e-09,2.8263990270100205e-09,2.320300320764814e-12,7.436796424579245e-13,1.0911032865937866e-14,3.6037875047481754e-14,3.6926707092499095e-12,1.3340467494871128e-21,5.225294469810078e-13,5.966932482739067e-11,4.4502346837780556e-11
Clean_CP_12,5.6358670964768066e-12,0.00037214809700119466,5.579007046434806e-06,0.0016559694760098543,5.8366907926503304e-05,5.2761901824588495e-05,0.00022909946604429698,0.0001489207551203284,6.541245347006046e-08,1.758503714752416e-06,1.4487751907001888e-06,1.1885834908726953e-06,5.76551703134598e-05,1.349028561899859e-05,1.1663668526731522e-05,0.002193512252917316,0.00046075214143251276,0.005139375349162438,0.0010784314996174892,0.00015865097412388928,0.00014507071287774692,7.466037732686508e-08,2.7250797009971247e-05,0.004248342710342929,0.0002523688511710047,0.0004735082267929824,6.443113021671482e-06,1.905581685097211e-05,6.449973083052847e-06,4.266641771044316e-06,5.675657046201773e-07,9.248931086306362e-06,4.359000349529371e-06,0.0005481363750982407,8.763370706179264e-06,8.793617041453741e-05,7.2837302727385085e-06,2.477329646183621e-07,4.168333499134339e-09,4.68482577784395e-09,7.37554136658255e-07,3.2467851391222527e-06,8.289798337053447e-07,9.702714190310878e-07,4.2767304648889646e-08,7.554903334363458e-08,6.764432586992646e-09,8.135756617062646e-08,3.090417525445988e-08,2.1353166385914615e-09,2.1012452871277074e-09,9.365837216221202e-09,2.2809862348330298e-08,3.0224102574066817e-09,1.6968225127884468e-07,3.868268405200053e-09,1.3515001526567463e-10,3.9940943050887124e-10,3.0941834541595773e-11,6.9685910586645615e-12,4.635553448731367e-11,2.643347851257124e-16,1.5387459428609487e-11,1.6710071908056074e-09,3.5682011315229157e-10
Clean_CP_13,1.4122896319835728e-16,0.001271424105451764,3.329267064889008e-11,4.660113525086574e-06,0.0015498975516979522,7.814096738292039e-08,0.00015032329172081708,0.00010097498493587983,8.022119042275858e-05,0.00048102747094835917,0.0004363893808840386,1.4236252875388399e-12,2.440428584523054e-10,4.766830835452134e-11,2.0880572274915684e-11,0.00033425563373906886,0.0027463051098966284,1.2590461485028422e-05,4.590813976064718e-08,0.01343414766030084,0.00042701568453572356,1.4769299966628098e-13,1.5722275653080994e-11,0.0013615467822180964,1.0222787987215431e-07,1.1543922628261526e-08,0.004481752980719469,0.0021939222947626033,4.1241282520099595e-12,7.682103422162658e-08,6.323628551174476e-05,4.127456532789277e-11,1.7590282533758285e-07,1.9447107141558052e-06,7.378705501733176e-11,0.00039190829154691823,1.0297423485247124e-07,2.7321172574711386e-05,6.387346233065012e-15,5.309225545405643e-15,3.410243230814556e-07,1.4481747608222292e-09,2.32486657620082e-06,4.718360459604375e-11,1.4758202946894089e-05,2.968872817316081e-13,2.3192798518454597e-14,8.254649127601705e-11,1.5704034845099158e-11,2.627452705163485e-13,3.623421079710326e-14,1.293627445939723e-12,1.6204438143188915e-06,1.0915778638258109e-07,7.147384196491204e-10,1.0386064117199386e-09,7.072873609269245e-10,6.228537031784799e-14,8.917377260675253e-14,8.906452821400336e-09,1.3319830042001945e-10,4.959641044604806e-19,1.2232056373837985e-10,1.5566854969696495e-11,3.945636851589376e-08
Clean_CP_14,1.995082339001752e-12,9.80134013877428e-09,1.589157453058018e-05,2.1700265092846595e-05,3.3546503454977044e-10,4.015469669603304e-07,3.84493698047704e-08,1.7207349844038066e-08,1.4542820212643756e-14,6.352884259626907e-12,4.406749726678755e-12,5.244261988010017e-05,0.00042842951338830206,0.0001441925101680115,0.0003089693270098787,5.020589321218231e-06,3.496608257278363e-08,0.00018354556281414557,0.0013961676301803845,3.639698383379253e-09,1.0938258957952762e-07,2.777095033050101e-06,0.008724480569692123,5.037059627656608e-06,0.00021984252053570939,0.002130641896374034,2.4702287583338862e-11,1.7027042647993241e-09,0.002410392219022158,5.777492294724863e-07,6.400638251972011e-11,0.0007835503780799636,3.725360547171939e-07,0.00011560719753044814,0.001247387540251403,8.303764545758028e-08,2.2846861918500182e-06,4.092966332498697e-11,2.0091455327970076e-06,4.178047537442179e-06,2.195685454867301e-08,3.42507267398473e-05,8.649867817531111e-09,4.133380288999065e-05,1.912984828880467e-12,7.11097394236701e-05,1.442866010954858e-06,6.344901727531353e-07,5.458711186530409e-07,9.37588546947348e-08,3.788827936494147e-07,1.035169083388055e-06,1.4112449446363887e-11,2.324876807690735e-12,3.700744476409178e-07,8.798266674684575e-10,1.2954295278612139e-12,2.9305774302762327e-08,1.0296212064804867e-10,9.128662214724038e-17,1.1037480987069674e-12,2.621701889285228e-16,1.0973686506095495e-13,6.875121474424082e-09,1.5525805523827206e-13
Clean_CP_15,1.9883898492217787e-20,6.408375995079368e-06,1.9158924072774454e-12,2.308449753932172e-06,2.3031769754625984e-06,4.971397621404706e-10,1.008153174668492e-05,2.3446507609913867e-06,5.246453043670908e-09,5.695461812392702e-06,3.7035011742024286e-06,3.7987778577776986e-13,2.1243838232249983e-10,1.6155448318166614e-10,1.9748712694524148e-10,0.002133186170389621,0.00032514737406351673,2.1340130559831178e-05,7.62611784649654e-07,0.0019200140805030513,0.004142051958013643,8.209174631939103e-15,6.188584773258456e-10,0.0012724385250326652,2.6544604028958455e-05,5.4791760293205876e-08,5.1467589621863975e-05,0.003939031447224406,1.73569406526855e-11,2.7933455568476462e-05,0.00010393971855038364,1.520893766312849e-10,3.246709113339943e-05,1.0356716263865861e-05,6.518513388810988e-08,0.0005265454468064412,5.9413462745883606e-05,7.962894558161887e-05,1.0885971131594242e-14,2.360859263201959e-14,4.532079018344048e-06,8.393810375577768e-07,0.00015321771091558452,6.680811716253283e-10,6.864483533371043e-07,6.522547534878883e-11,8.883621242171189e-15,2.6209604170793084e-08,1.2032709381602364e-08,6.489225205615414e-13,1.1912001208830226e-13,2.923181793045815e-10,2.0871900113407342e-06,2.335304805812766e-08,1.1476290025496757e-08,5.746609051496201e-08,1.5697437120485453e-10,3.0603451087597495e-13,1.628837416845394e-14,8.98221244998546e-12,2.2499953589757042e-10,5.795300405091781e-22,4.3072972666683575e-11,3.0628729365864907e-10,7.298463382135979e-09
Clean_CP_16,5.322042797778897e-05,5.940197015565172e-08,0.0023849555224011113,6.010657093747254e-07,7.3861669557772025e-09,0.00013176254548786346,3.0461424050913843e-09,1.0332107086282502e-08,5.7632204908987545e-11,2.366049817170305e-12,3.1893505205294966e-12,0.0037182144873845802,0.0004232604174096165,9.17720339862857e-06,3.7853310327719455e-06,3.8629373002265326e-10,1.8499143795833714e-09,2.448307275776865e-06,8.944196225203501e-07,4.661727769426272e-11,3.1753966979641846e-12,0.00928862583107992,6.113242384100917e-05,4.599551245203051e-08,7.313201751249952e-10,0.00010414748516796944,6.023050781520187e-11,1.0354336753892778e-12,0.0038334859483500835,6.857208882260917e-13,8.04792307720823e-14,0.0011790052573859172,1.9933446583373125e-12,2.409657804523073e-06,2.1304881051745464e-08,9.070916318918145e-10,2.8802177341716166e-12,2.3138672493964468e-14,9.649632583869845e-05,4.100093297446911e-05,5.4613017905787447e-11,6.47840047401558e-10,2.275953976149903e-13,7.0747713319737235e-06,8.255701567407684e-12,2.429199828537406e-07,0.0013225815388965662,5.6686707860269723e-11,1.2186433075889504e-11,1.6434419176862078e-06,6.753608107522937e-06,2.039212319478429e-09,3.776042040069972e-13,5.730700390365772e-12,1.5949945616290875e-08,7.59892784700614e-13,3.4013425431683396e-11,2.413130591216626e-07,1.860599581583918e-07,1.5178356406733954e-12,5.849358323658452e-13,9.438835926110515e-09,7.866461203303024e-13,5.498274533017222e-10,3.373267752409325e-13
Clean_CP_17,2.454346627814744e-15,0.00022536433280051084,4.635746304839698e-09,7.13487828721923e-05,7.069239739233165e-05,4.942286856517765e-07,0.0001153425863058502,5.5240721654804145e-05,3.649805609456815e-07,1.9635813870571266e-05,1.5817220978013023e-05,9.298396499271161e-10,9.994477145208264e-08,3.042713730337703e-08,2.387513901431123e-08,0.002691947924530886,0.001576034833864459,0.0005303242211077954,1.693262038236321e-05,0.00245462912554136,0.0014296653038081285,6.732785627189131e-11,7.120114982602751e-08,0.007183370936707086,4.966328530755849e-05,6.038583658011556e-06,0.00022405494831068584,0.0012245582177725831,1.2094431127762664e-08,1.180091543258992e-05,4.1161227394648814e-05,6.844390085388116e-08,1.8138411712143353e-05,0.0002277673949719327,4.696353099029191e-07,0.001214341041433039,2.5605990202723432e-05,2.2864712870017773e-05,1.8082537372440218e-11,2.3292805504629412e-11,9.486805609455062e-06,2.116329916911702e-06,3.690700969539643e-05,7.143197492825746e-08,3.47185548642054e-06,2.9257298932692545e-09,3.389419166855303e-11,8.662170971904203e-08,2.874685431184715e-08,2.3452860563173836e-10,7.285438383831886e-11,3.994614324145493e-09,2.3224067813641415e-06,1.6127727075193055e-07,2.2117678946431651e-07,7.715777651504659e-08,3.72762872848823e-09,7.169573684964382e-11,1.2570900582669364e-11,5.818542574140543e-10,1.5328981318312163e-09,1.9036375732632992e-17,5.768555477331781e-10,4.6482224563628415e-09,3.351956725021488e-08
Clean_CP_18,3.9448642454929756e-19,5.900345357207687e-08,8.578853062186164e-10,1.9333501936310687e-05,3.1008468476803907e-09,1.3645684484196579e-09,8.045714911779197e-07,1.2254594101229883e-07,1.1924685799783198e-13,2.557504606214807e-09,1.3535808432405777e-09,1.1268843391148171e-09,3.262430526770887e-07,4.5281298353542695e-07,1.3646952786705456e-06,0.0020357596727983247,4.733070060844771e-06,0.0003131980345493483,0.0005343352366843829,4.4277386330585484e-06,0.0004688319828811529,1.0683332282336345e-11,1.9858607313784974e-05,0.0003262762426615664,0.009400019638759055,4.581727289856917e-05,8.123673850901392e-09,1.3237206404091754e-05,2.7818440900615785e-07,0.0005792357173912648,3.462295683277866e-07,5.219417266913202e-07,0.0002827917366305495,0.00019325279348510714,0.0009122142138325978,2.1228774356027356e-05,0.0018224822875449532,3.3051606881451043e-07,7.968277385589992e-11,3.0797791741273196e-10,2.404291381449504e-06,0.00044415949330192905,3.283220854428923e-05,6.447653640317917e-07,2.852752732301013e-10,1.2555036381605434e-06,2.108406377356033e-11,6.076217145406305e-06,6.666330171526232e-06,1.8376617044495348e-10,1.8525752551108337e-10,3.361905754187692e-07,9.730729218866181e-09,1.012233706013832e-10,3.2176931601612566e-07,8.620438784528964e-08,3.550308978571029e-12,9.322538257715012e-11,1.4860847688789618e-13,3.7862406180183836e-16,1.613796397817764e-11,1.4751533460765559e-21,8.057546968254677e-13,5.082420560314301e-09,1.284619055324266e-11
Clean_CP_19,1.3197944472704767e-10,3.192368173610952e-06,7.062251408907856e-05,0.0002627920351188582,2.3647609391234734e-07,2.2909735690643344e-05,3.1619812963329546e-06,2.157569755656223e-06,9.58279459278038e-11,3.8010385199051124e-09,3.1392451287282403e-09,8.757439912738098e-05,0.0007507851857909413,0.00014739932413959135,0.00017123303522930078,6.896350975827712e-05,5.290122679272323e-06,0.0020041917932702297,0.0019484035463940153,7.577664242566431e-07,2.5865336751181675e-06,1.0290089279467974e-05,0.0021402949861387068,0.00023978803607764516,0.00023588526968659448,0.004385286840398406,2.8026086285032172e-08,1.8854862043235656e-07,0.001304887917375441,1.4938805130291165e-06,7.967261641871664e-09,0.0010272875670090148,1.5925034591015046e-06,0.001161376462742998,0.00029479814422656356,6.558595387842256e-06,4.981939466548547e-06,4.1289054203063946e-09,2.339529643549855e-06,3.0907860245590043e-06,4.835976096751584e-07,3.0965814240050356e-05,1.3815620974796535e-07,7.919820134118023e-05,1.5509959473221807e-09,2.157354785436752e-05,3.8261053904598575e-06,9.211361797157947e-07,4.6609273127288296e-07,4.2169444281086277e-07,8.525008141275422e-07,9.181408040868223e-07,2.179618093905977e-09,7.025105438622241e-10,2.508596018448184e-06,8.901428413547019e-09,2.3772071596161903e-10,1.0466908616785419e-07,3.0812068577224744e-09,5.16700710298145e-13,7.806938576171587e-11,4.794214397528169e-14,1.8511919758102497e-11,4.6152294734267964e-08,5.93073989982042e-11
Clean_CP_20,5.315126117142114e-15,0.0005139765172330298,5.973118329880647e-12,6.482607303162514e-08,0.0015003195462618833,5.188182762731669e-08,7.505750849790772e-06,1.1430024071058368e-05,0.0020614436711467385,0.0002454045064604903,0.0003059624027200079,2.1630741548945296e-13,6.860002421538296e-12,4.207115530129553e-13,8.1145003183083e-14,1.6280294659752066e-06,0.0004501080597838723,2.903166034517863e-07,1.1529772305632517e-10,0.002260723095940116,4.486500497073543e-06,1.4456732232546967e-13,6.260734995160065e-14,0.00011210626937639448,8.338447030208367e-11,2.2047783301110387e-10,0.020940287856084636,0.0004481376463430617,1.5039923917821114e-13,1.8220392756371937e-10,2.2815537566167444e-05,3.451880081445086e-12,1.2008588523902643e-09,2.0026437769852072e-07,8.81718824456819e-14,0.0001684516134114226,3.4823521511922393e-10,8.542876631649535e-06,1.8414003643982986e-15,8.05746947638507e-16,1.4074135627823756e-07,8.362283303604542e-12,2.131191576338723e-07,5.4723863592198635e-12,0.00047236972550350926,3.777553416570809e-15,2.926224167550602e-14,1.4624684080618176e-12,1.3331248533143923e-13,3.637455716187043e-13,2.1578326955735433e-14,5.993192689479334e-14,7.6300954206003e-06,3.1205106392590974e-06,2.875799929996338e-10,3.949403838353055e-10,4.8695662319261845e-08,8.027550776478841e-14,2.887333401028137e-12,2.153532003553175e-05,1.6613471592139994e-09,4.355788092670848e-16,5.564623093726132e-09,1.726116137329113e-11,1.6600315866647834e-06
Clean_CP_21,3.888004055680932e-10,5.847052776417691e-10,1.7939282036538857e-05,2.977182102581276e-07,2.565873814477263e-11,1.9728165728287658e-07,5.228008958141956e-10,4.6107657448507114e-10,8.81868891611151e-15,1.7406249861509111e-13,1.5609386755285852e-13,0.0001869491420867783,0.00010156498600997628,1.1323174699533724e-05,1.5004673879200211e-05,1.1203168456057977e-08,8.407978176013309e-10,6.36242336926249e-06,1.4166883301304065e-05,5.25683227821241e-11,2.94290435526256e-10,0.00011096244678917582,0.0017039145559839145,1.3693558318568333e-07,7.211006420972712e-07,0.0004896480099380855,4.153114708258545e-12,2.4531291707455086e-11,0.011255914760542681,2.322304408486088e-09,1.8014785200943697e-12,0.004761406032360118,3.5945615363699484e-09,4.114826490996264e-05,8.182136640966795e-05,9.228026599042626e-09,1.9397989680338742e-08,1.1205332097661393e-12,0.00023684705810584258,0.00032436031706155197,7.826856763150748e-09,3.2880278432031706e-06,2.829735020876202e-10,0.0003825192026998977,3.4048829441118097e-12,0.0003031985059927513,0.000656103676111715,1.8730936707523914e-07,1.106627480117771e-07,1.8873803291446213e-05,8.819392539953864e-05,5.421409582462634e-06,7.894762945436173e-12,1.3198348012457813e-11,2.165089370142813e-06,8.744462348119171e-10,9.093018590220685e-11,7.943391273247146e-06,1.5811938292101648e-07,8.886564848023528e-15,1.6167519019089487e-11,1.8408809104110963e-11,3.745277399907377e-12,1.4697917099288942e-07,8.219997947832278e-13
Clean_CP_22,8.716245171607118e-19,6.978465860177602e-11,5.645536677053515e-10,2.0998248676237362e-07,1.9107513900468315e-12,3.991318371194842e-11,1.3283742965266713e-09,2.0289735683023711e-10,4.920909674869571e-17,1.5063147344966714e-12,8.151213323545727e-13,7.682898352546826e-09,2.5378688909212324e-07,2.753147059148603e-07,1.0784517161281952e-06,9.302874942800546e-06,1.2500091065346099e-08,1.673189880098797e-05,6.91413752299754e-05,6.7144064918098435e-09,2.3994450740467017e-06,2.4058352909425183e-10,0.0001755732878674203,4.651769114118415e-06,0.0014218652113050982,6.556620950174973e-05,2.0442783626200087e-11,8.465180027611355e-08,1.1068088197933203e-05,7.892092924086441e-05,4.015428638486401e-09,2.0347171159110546e-05,5.423052244268893e-05,0.00022015348608999823,0.011386993506337817,1.226432966889001e-06,0.0007432722680910198,5.386364642426436e-09,3.0532607908274736e-08,1.464227486967697e-07,2.7102263888755275e-06,0.003680826807900485,7.477642964905348e-06,5.8735965637277075e-05,2.0646419760555756e-11,0.00038254360898090997,1.0513448548719464e-08,9.496628051701229e-05,0.00013679138085003818,9.53481926354444e-08,1.4609136028433754e-07,8.329101871423548e-05,2.342403353516148e-09,8.144225170396092e-11,1.1919821370406943e-05,7.270568702160854e-07,4.4425514532948925e-11,8.949938457642392e-08,7.610978569316298e-11,1.2434052570529847e-16,1.6711919257999946e-10,1.2602704153217417e-18,6.368109784756492e-12,6.780586971249795e-07,8.538246045449973e-12
Clean_CP_23,1.4394038584192267e-17,5.810568247315304e-06,5.7028344884418546e-12,1.7490471185205723e-07,3.692219856427212e-06,1.8773343332954878e-09,1.4573101308201362e-06,7.048219985757314e-07,1.841632955467394e-07,6.21186334940448e-06,5.495379526388794e-06,2.669226359133794e-12,1.3617985746786445e-10,3.2321140586895065e-11,2.0052981417806746e-11,6.025793897694451e-05,0.00021806166319341552,6.565394068278359e-06,3.283564616742995e-08,0.0011557015730127953,0.00031121035971944544,5.874854859328704e-13,1.9210685104219192e-10,0.0009806522343229103,6.171655354885211e-07,4.5210690615741556e-08,0.0009457875379423727,0.006034462684817245,8.182165586364683e-11,2.3295683663479644e-06,0.0003744702074790411,2.0023534263867113e-09,9.093171369730732e-06,6.467100153232974e-05,1.2802022340210024e-08,0.004477582711340144,1.1955954031861737e-05,0.0003016958641305993,1.2179217843046033e-12,1.6025186431799532e-12,0.00013630359259098488,8.477485042622779e-07,0.0006036852882873395,2.4883237981925827e-08,0.00041602335377793204,4.612446208655329e-10,4.616122437071141e-12,1.0507595616338504e-07,2.6515802867830535e-08,5.395683201378222e-10,4.857951591956436e-11,8.24285741708853e-09,0.0003617460032472688,3.595895613814449e-05,1.2551271903966706e-06,3.700443899199041e-06,1.6181436196773472e-06,3.2120957130115874e-10,2.8854058453952266e-10,6.376951786844133e-07,4.331523462049492e-07,2.59021069312088e-16,2.534621929605953e-07,1.4635346921061032e-07,1.4960132206987829e-05
Clean_CP_24,2.7907673717254625e-14,1.3167499525949839e-06,2.845710133974221e-08,7.4138968482716755e-06,1.7667880206268712e-07,1.1326342585143488e-07,1.2116133673534796e-06,5.371255063784152e-07,4.682408987785614e-10,5.591519948312817e-08,4.512418347888932e-08,6.318896421723215e-08,9.462509085038441e-07,2.5568752993220943e-07,2.786686605367324e-07,0.00013568935731805547,3.0482841016306846e-05,0.0003649572007125401,3.716238198444437e-05,2.4397322638638185e-05,8.096803921440862e-05,1.1618132905836793e-08,9.528995907375611e-06,0.0012101018455311443,0.00016106428427666678,0.00011724493094613259,3.273295748975967e-06,7.913283618015257e-05,4.831968841980538e-06,3.591961169824365e-05,5.1203168230416195e-06,3.0178910283157626e-05,7.517233972035205e-05,0.004205862912204281,0.00012219310480835878,0.000868628027701217,0.0002543172174878162,4.277336386544194e-06,5.702791100537759e-08,9.84466962925138e-08,0.00019005265807262205,0.0003946219725377707,0.0001688193374169189,8.371041414906012e-05,2.4698956481183798e-06,1.2832349610091501e-05,1.2135353058026263e-07,2.8801664351201524e-05,1.3289230974698868e-05,1.1844809503931971e-06,5.128693909878837e-07,1.6038530192270703e-05,8.100231650760852e-06,1.6244331663797197e-06,0.00012850264104009,1.150792044716192e-05,5.029865532375108e-07,6.729041892449021e-07,5.320256338847249e-08,1.5275145998645358e-09,2.0867182647336127e-07,7.495707866687525e-14,5.280005021810409e-08,8.88446474489064e-06,2.739800869517336e-07
Clean_CP_25,1.2108955535913075e-10,1.8669814234790232e-08,9.030542916542317e-06,2.0998958841007185e-06,1.1546368190876977e-09,5.701044033308571e-07,1.497074281600399e-08,1.1195617610189246e-08,8.989959043668681e-13,2.43752047773704e-11,2.1658000154262656e-11,7.102519477506602e-05,8.437423068435354e-05,1.1291616312517342e-05,1.354614399713081e-05,4.954786579643189e-07,6.340845075641164e-08,7.294282454717427e-05,5.35978272660853e-05,8.246455216404738e-09,3.574118628115086e-08,3.787967410112653e-05,0.0013381169419435137,7.2757621559792835e-06,1.1022576434060495e-05,0.0012959120214840025,9.648743109268616e-10,7.371497458918881e-09,0.0052399256432272626,1.3856768964152945e-07,5.663783493873717e-10,0.005795135142940429,2.5927383018316875e-07,0.0008240582057572956,0.00039608519023752605,1.2451249346230753e-06,1.2277876879219827e-06,3.9087948922987293e-10,0.00013397627016238872,0.0001906142051246573,8.376195107070866e-07,6.550687827735832e-05,6.224172532414556e-08,0.0016212579584369338,1.0821664933932e-09,0.0007132098925326235,0.00038639127999491645,4.4645603130924e-06,2.370302723972308e-06,6.941060898907424e-05,0.00015469461611915822,4.842858012299199e-05,2.602150544265082e-09,2.8232218874589773e-09,4.8939845397611216e-05,8.51028241810175e-08,9.698949015209559e-09,3.211453783934496e-05,1.1378562211270283e-06,2.6829161367742446e-12,1.9555493233345654e-09,4.684669335013134e-11,4.975877763839324e-10,3.6345351611574114e-06,2.3656453147174304e-10
Clean_CP_26,1.378657024948926e-20,7.214921888292402e-07,3.0038948346695574e-14,1.1725771314705893e-08,6.236215242241562e-07,2.5042657635659547e-11,2.547394794877635e-07,8.961570115016682e-08,3.130769778127082e-08,3.6222180260166325e-06,2.9339528288364812e-06,1.1603177525222818e-14,1.4440538187178727e-12,5.115764194608221e-13,3.6398882965060305e-13,2.5819198463478058e-05,7.153257615512835e-05,4.652121547641779e-07,1.7479769019755038e-09,0.000948687982115862,0.0003317590503884861,1.4531797218268448e-15,3.025061302712321e-12,0.00023227606467685855,1.2099044724555044e-07,1.0067294977092858e-09,0.0006321093263249426,0.013298639266499874,5.33319721431097e-13,1.3767658993249133e-06,0.0007607034335276119,1.8808796279658033e-11,5.333641355891231e-06,5.13861970557233e-06,8.763776544848278e-10,0.0024228616469706625,7.1016089635748985e-06,0.0007471165965987521,5.537900236886311e-15,9.142487419669423e-15,7.723545209237561e-05,1.50894448201635e-07,0.0012262801813233385,5.825165018698759e-10,0.0003599665549861075,1.2642257107415159e-11,1.5514035224478172e-14,1.9257432184853103e-08,5.2398047868476305e-09,8.476777485176879e-12,4.4543271767754237e-13,6.358429203249839e-10,0.0006269358627335972,2.332115866542849e-05,1.268405441816858e-07,2.751920631396713e-06,5.019835189801118e-07,6.410586531766106e-12,5.161547195243915e-12,2.3353324735641132e-07,2.3008285973998019e-07,6.28685028520206e-19,1.1089704736163654e-07,2.273457119326084e-08,1.5201716554923082e-05
Clean_CP_27,4.846001337799632e-23,1.1296898511727206e-09,1.1271765863182137e-13,3.776512841864399e-08,1.1172232347075768e-10,9.089448743529674e-13,1.2763703964618889e-08,1.406001626543151e-09,3.1773186105456586e-14,1.5918416359292443e-09,8.467129782692536e-10,3.7307211118976893e-13,1.0358820963525392e-10,1.6785676120735654e-10,4.78045675744287e-10,0.00016199382135919198,1.2934086228370218e-06,4.154928658786514e-06,1.0286766036810085e-06,6.5837595296931385e-06,0.0006491198258283857,6.892458619323079e-15,2.529142987129982e-08,9.535533587066194e-05,0.00040766713800286755,1.8965805118419466e-07,6.547798283537919e-08,0.0003854321894529588,4.1938546124797295e-10,0.0008649031485123209,1.7558353014003036e-05,4.9968640399087205e-09,0.0009603497157597493,8.083252789533256e-05,5.446617168514229e-05,0.00024971442549000494,0.0069578063354314695,2.8332182719388765e-05,1.017505578336858e-12,5.079962016200589e-12,0.00014167720425175054,0.0007435832039799569,0.0046495357787185495,1.8093437569196155e-07,6.946254903725705e-08,2.237447715291247e-07,3.943865220055492e-13,2.9684528827775724e-05,2.9105614167985996e-05,2.2647328105955516e-10,4.887531995875823e-11,1.6434752522833302e-06,6.108808933512552e-06,5.061235024172103e-08,3.7616423116298075e-06,2.3734117619039227e-05,2.5613587120205543e-09,2.9111609541217407e-10,1.4493458630046609e-12,3.0504228023105014e-13,1.2724436941881761e-08,1.6541087430814629e-21,7.189493599937536e-10,3.5358681011732545e-07,1.3849277563412767e-08
Clean_CP_28,3.611811462271725e-19,9.567823775208107e-09,6.498805690831331e-13,4.619233938492041e-09,2.8068612078649866e-09,1.8750696680341954e-11,7.3725479298697085e-09,2.3497669665102104e-09,4.808556567799991e-11,1.4337714386380781e-08,1.1409046007013191e-08,2.159974901776313e-12,5.017163510762145e-11,1.7161389955372045e-11,1.7557708453811272e-11,3.558285738378124e-06,2.499056337675439e-06,9.331261940956191e-07,1.5576530817212924e-08,1.2455548656344734e-05,3.256210007232723e-05,5.169167774960293e-13,1.1967339317457062e-09,7.7868219844966e-05,1.1957757705474152e-06,5.301465046341474e-08,8.003962872436827e-06,0.0007626577515497035,4.594477673972823e-10,8.197767210572624e-06,7.504765009577936e-05,1.4824831305120013e-08,3.5327253198054986e-05,0.00015139444472764212,4.98837368736211e-07,0.0016887514737046825,0.00011809733968010278,0.00010440279865710286,2.3089886253476157e-11,5.1678570193567053e-11,0.001324563213309282,4.309049028907712e-05,0.0046153383490543385,8.591783612323055e-07,0.00012274985160822677,7.863341618439165e-08,6.333242506100125e-11,8.295314834296331e-06,3.36913621607506e-06,3.7689221332062454e-08,3.133335995895295e-09,2.7374892833999044e-06,0.0010769242236787627,0.00011452855674188935,7.200565031556701e-05,0.00029925445495412656,3.089873960986328e-05,4.8469446026072923e-08,1.3559283542246776e-08,1.936706980686222e-07,1.6040011544327806e-05,1.394108274333121e-15,4.650297044040323e-06,3.0152860556979025e-05,5.16276482580008e-05
Clean_CP_29,5.112422107805372e-22,1.1237191220834018e-11,3.900727994817104e-13,3.1700655684576067e-09,5.716828203211717e-13,2.1478497924383086e-13,1.6979815148264675e-10,1.9640789477615752e-11,9.699348522132051e-17,5.5021689078583325e-12,2.9949897916766803e-12,7.78176793764407e-12,3.673474562846791e-10,4.720466291865369e-10,1.6401858407033155e-09,3.850327996295206e-06,1.7380871650956434e-08,1.0612259565313944e-06,6.798628638613657e-07,4.294277906917244e-08,1.1580516763550494e-05,3.6308999818162853e-13,5.252080000482666e-07,5.388297439719169e-06,0.00020034594961469872,8.455973597970968e-07,5.574583867970863e-10,5.7803952057896355e-06,2.913055006049243e-08,0.00025388292530816985,4.1383590618059884e-07,3.0952504731225946e-07,0.0003378698540365912,0.00018547151650119548,0.001050645865513726,2.801742574423441e-05,0.004756880148117786,8.414527854444005e-07,3.9633227293668794e-10,2.3047377589701738e-09,0.00018683924407139076,0.007673410218956461,0.001299781066821854,1.734697875300884e-05,7.281477480630941e-09,5.9998386930650095e-05,1.9055277434404842e-10,0.000510004126098012,0.00064760890023904,9.00604722842556e-08,3.007835075921077e-08,0.0003094569848539715,1.661536956193798e-06,4.449394136548114e-08,0.00013860818811051767,0.00016613890731469728,2.5432361765407702e-08,1.8210075992066123e-07,5.228498908590044e-10,1.2048505955678018e-13,1.0370298939868598e-07,1.1325393324853672e-18,4.646199046509493e-09,3.260517788092466e-05,9.532509924636858e-09
Clean_CP_30,3.612639051004601e-23,7.605925954741676e-10,2.025537659824993e-15,5.058493601008775e-10,2.4512603337463945e-10,1.2183245608268222e-13,1.514340158693419e-09,2.7319290204363207e-10,1.7439309793688899e-12,5.963150654489601e-09,3.965555555754717e-09,5.252592684082467e-15,5.813570644084448e-13,4.3091618363741936e-13,6.354450818556923e-13,4.231966623849902e-06,8.414380397578981e-07,1.0067354275713801e-07,2.218299891088735e-09,1.0986072859411332e-05,8.642631417912502e-05,3.8289305194206086e-16,3.3630544925323746e-11,2.368118692963516e-05,1.007410469591761e-06,1.497486087757555e-09,2.2260847954963873e-06,0.0018532052471169791,2.422661636891451e-12,1.7369853051549828e-05,0.00014175495619348855,9.377539702304898e-11,5.534560281562097e-05,1.1219735558518324e-05,9.433397754338979e-08,0.0007540955903568766,0.00021412313206954002,0.0002476168909650625,4.023074959044653e-14,1.3507638011507026e-13,0.0004967520793040784,1.4687284976327723e-05,0.011669083808617088,1.2100765026197485e-08,2.4219980683242156e-05,2.2321809923967237e-09,5.1694854376237587e-14,1.938459371376232e-06,1.0127188219581696e-06,1.4340544886973588e-10,8.62938234520242e-12,1.5157818450631928e-07,0.0007028341535415042,1.4095970830355614e-05,3.2261701003575213e-06,0.00011720003645485909,9.937364922096402e-07,2.2763794788463768e-10,2.253798627466613e-11,3.8860563734357256e-09,1.5115316772146202e-06,1.1089544773518965e-19,2.5209825437769613e-07,1.35221853731321e-06,8.899804001513245e-06
Clean_CP_31,7.354956482292043e-14,1.537189256611633e-09,1.3011359712887739e-08,5.4050599605676745e-08,1.1636676189731643e-10,2.845570790376701e-09,1.6041704936043324e-09,7.774359938428286e-10,2.4599173124952884e-13,2.65314691745753e-11,2.2424213631538023e-11,2.529065206959721e-07,4.0982382095100903e-07,7.75075707302098e-08,1.0184638273067387e-07,2.9323239782068615e-07,5.141956890666879e-08,9.957458445623226e-06,2.0513944446165122e-06,2.2260458871111062e-08,1.6559023736261134e-07,2.035935912283553e-07,3.296722214142986e-05,8.10714243414828e-06,7.396702380691272e-06,8.000778888644672e-05,5.451642931770741e-09,1.9541741520583867e-07,0.00011540469717335913,1.218072805212001e-06,2.2405219471111796e-08,0.0006568176262344656,3.5989164102104915e-06,0.0018029851231678164,0.00045515802396903986,1.8860148127627124e-05,2.4134688257739222e-05,2.4912019371653875e-08,1.875543699994361e-05,3.790437941277763e-05,6.34664990226051e-05,0.0008685623609387869,9.457317355760568e-06,0.003982503280763973,8.02985847189777e-08,0.0020145574869270123,6.124254940924662e-05,0.00013470294918541082,7.92659691618485e-05,0.0004884761024142102,0.00037442994638427814,0.001858913251026081,6.591942773929796e-07,5.684839660938297e-07,0.0021075076330990855,3.225201647325356e-05,3.4868055097470566e-06,0.0005417997171047258,2.5918525357624443e-05,3.0545220759170106e-10,9.7687648528296e-07,1.1602133572966247e-10,2.1144654453946897e-07,0.000602113060023474,7.593255727422012e-08
Clean_CP_32,5.832690419772899e-16,4.046234824438082e-12,2.3249650139101783e-09,5.1504475050771645e-09,1.2444838937730106e-13,3.822455722630691e-11,2.003524662349381e-11,5.987278808497777e-12,1.8139110806750052e-17,2.8145360597703242e-14,1.9434398062136465e-14,1.1697045949207638e-07,2.2015699730994428e-07,7.855211614577488e-08,2.0513848733474955e-07,2.3323502382406214e-08,2.5211310118743987e-10,9.475434315309554e-07,1.7831559494357297e-06,6.877861922825305e-11,5.613687441835715e-09,4.0487310258199376e-08,0.00014673018465898396,1.283313497943465e-07,8.71023232649183e-06,4.134750384819224e-05,1.9965960035293372e-12,8.245364985685457e-10,0.00023529176401086076,4.131987257139202e-07,7.782775680888895e-11,0.0004807915574815688,6.400803365839501e-07,0.00012936785799708302,0.0023843782582971197,1.1700187246181994e-07,8.84900905979392e-06,1.0528459131420655e-10,1.8317933347917702e-05,6.115851617398592e-05,1.1955320110652355e-06,0.0007865544225119551,2.5699068788828163e-07,0.0018201413486248104,2.6328711147059404e-11,0.008009408040446865,2.3672058559019656e-05,6.551895728305887e-05,7.099427593561742e-05,7.979717866206425e-05,0.00017138569159815708,0.0016588843881561093,1.2423127937593963e-09,4.883679355335907e-10,0.0001676594003382925,1.2589771728889186e-06,4.820536586004349e-09,0.00011046040733928541,4.0232410105256683e-07,9.367022350094832e-15,3.935918695067589e-09,3.217501922362677e-13,3.1912748675403254e-10,4.11811853983859e-05,4.655787395904217e-11
Clean_CP_33,6.895903454498208e-17,5.659854615666379e-07,5.802681301602953e-14,1.6702602266535677e-10,1.333627243643019e-06,1.3038529198454558e-10,1.1168801902354259e-08,1.3469475336368656e-08,3.8766878597304064e-06,1.3826625118902284e-06,1.7479287916748788e-06,1.9294944828671934e-14,1.6241872855168035e-13,1.0129085309331582e-14,2.3768789424143714e-15,2.550364723102266e-08,7.105923665623653e-06,1.0309474637791454e-08,3.035045457282234e-12,5.920369229639532e-05,4.365690345386985e-07,3.5444214539291464e-14,2.0713971483865506e-14,1.0539885956585406e-05,1.928577503346542e-11,3.811893142953301e-11,0.002578982902075787,0.00045746298864808116,1.096925923126517e-13,3.750439988958614e-10,5.6188984157039715e-05,8.388281081564284e-12,5.456063894323062e-09,6.375388479778356e-07,4.78041947816979e-13,0.0005013594720587989,3.071804556487459e-09,4.204032445299749e-05,2.1533722592364047e-14,1.3962830755390359e-14,1.6254299070159016e-05,3.0160073153023586e-10,1.7491106358858247e-05,2.1561603813282696e-10,0.015814138209245824,2.984657124904681e-13,4.802480686083891e-13,1.675236657674749e-10,1.7763194274408248e-11,1.092750423220293e-10,2.9590644726268243e-12,3.786497579422296e-11,0.0019294077380134836,0.0012251273289754826,8.881051602917032e-08,5.258451732897617e-07,0.00014511897838169767,6.626422471780657e-11,3.239529901246178e-09,0.005462829974811949,5.5178112618938425e-06,9.675911441550348e-14,1.560401680186484e-05,4.906093735541104e-08,0.0011636211728529185
Clean_CP_34,2.123902104890556e-07,2.9580103091333415e-10,3.5994765122224257e-06,1.3635884452988252e-09,3.7658849897148405e-11,1.8901702516102384e-07,1.4747138536915436e-11,3.949558191910816e-11,1.047671099732316e-12,7.95425027261244e-14,1.1021422483918844e-13,4.278412272110714e-05,1.596835729570655e-06,3.309023711684102e-08,1.4613185458062909e-08,8.466451702450013e-12,8.068062681604856e-11,6.507018030593117e-08,6.165944970843224e-09,4.34442187464192e-12,4.894129945419232e-13,0.0005494703970146601,2.6685559905407005e-06,5.021945234937463e-09,6.810518780367012e-11,6.685799297296418e-06,2.4307322201718842e-11,1.2718195857822824e-12,0.0007844159429353362,6.94385824529425e-13,2.1597046109124107e-13,0.0011783348114245723,4.480368951086058e-12,4.651522463308915e-06,3.607269376405515e-08,2.6683622774046992e-09,1.1097454965711343e-11,1.1071366923589838e-13,0.0008749091886133804,0.0005079747676807351,2.578010809028582e-09,9.173108725382772e-09,6.434186974526136e-12,0.00020773507743926116,2.3431759464372185e-10,1.2151914106388154e-05,0.02232134155711341,2.8929984261537434e-09,6.854794653787393e-10,0.0006394994359131329,0.001558174980792687,9.309434323888538e-07,3.914382986982746e-11,1.311155228302698e-09,3.45513259441077e-06,4.382766947507379e-10,7.052363518135062e-08,0.00031126589487009076,0.00033281113299585816,3.20355789560145e-10,1.0116936141661032e-09,9.63522954260422e-06,1.3375598024046891e-09,1.0008481752470018e-06,1.1022541044953075e-10
Clean_CP_35,2.1652872241222694e-22,1.0743276371332506e-11,4.1080632252108074e-15,4.3197263560086836e-11,1.8089814947883585e-12,2.5443610260565664e-14,2.7847704459982365e-11,5.15991055750962e-12,9.342782917421137e-15,3.607464174480669e-11,2.4609543189118676e-11,5.801593427827942e-14,1.2812829024598738e-12,7.735217837866617e-13,1.3427367452174422e-12,1.4423325001326845e-07,1.8032623656544137e-08,2.828759340442343e-08,1.2358704352772484e-09,1.2214993864503479e-07,2.520509241969775e-06,1.0804294579532062e-14,3.9805768082599017e-10,2.019257618633998e-06,5.346268964874233e-07,5.139994116651798e-09,3.671358130796439e-08,5.421067399049806e-05,9.094175922732694e-11,7.270173508580277e-06,6.578868890167128e-06,3.75784335314522e-09,2.853154859732132e-05,3.0408265143003477e-05,1.4713743181817394e-06,0.0001409107880003881,0.00021030288099070687,1.4849797527588171e-05,9.211158212051822e-12,3.6375423210743185e-11,0.0011894693003300053,0.000170153443013537,0.0063531412406954485,1.0040953842653962e-06,5.545276027600396e-06,4.6285564723735027e-07,1.526825132563855e-11,4.120578922092957e-05,2.772307124936241e-05,5.471972769137675e-08,4.307802581547308e-09,3.2105696430473917e-05,0.0004426175719800613,2.8847773604371616e-05,0.00016576708616721105,0.0016701578894191172,2.447678501363033e-05,1.475774433579769e-07,1.02064204899569e-08,3.912244721637087e-09,3.0719187123546755e-05,7.753948743062547e-17,4.1671232392514184e-06,0.00019748533067577003,1.5810584004274257e-05
Clean_CP_36,2.3202497492528267e-11,1.8156070776231213e-11,3.6156295763763574e-08,5.147916010164648e-10,1.3825008057504603e-12,1.2777983965230445e-09,5.359207356393356e-12,5.559369670483633e-12,7.838722943340151e-15,3.523989263531784e-14,3.740324152290638e-14,1.3994409315633189e-06,1.7172700019195152e-07,1.0668928500717359e-08,9.641052944606918e-09,9.376095891659362e-11,8.24283305040459e-11,8.807966794875576e-08,1.6584755634631942e-08,1.1338937641334128e-11,1.8477389449602014e-11,7.387408403038291e-06,6.3434675773003155e-06,1.4538881581917325e-08,4.7627751438688005e-09,8.004887522333348e-06,1.2960470133624522e-11,3.205450108414555e-11,0.00040919455930565256,2.0083216211385925e-10,5.517226150103261e-12,0.0012132730883796278,9.516518187132971e-10,3.210597697201644e-05,4.809816803413317e-06,2.7763581273855974e-08,5.507447735483409e-09,5.038355584930298e-12,0.0006054922731452037,0.000785657338695412,1.7365474910516697e-07,2.8449039981260927e-06,2.181839795492782e-09,0.002294097216669313,5.65546684613942e-10,0.0009249144493441011,0.0061202522279079335,8.671275589203714e-07,3.91521588368633e-07,0.00376377205635824,0.007489187364941254,0.00024236380794906374,1.41317734190686e-09,1.0971887991976406e-08,0.00016668038431361408,1.6330503653406888e-07,6.995114988590292e-07,0.004577084360229218,0.0005922244889615337,6.535943200341232e-11,4.6055286402332765e-08,2.3344260516184058e-07,2.041302818052793e-08,0.00010566068443961229,1.1735430128974384e-09
Clean_CP_37,3.0250243753748046e-12,4.8692614838945084e-11,4.196742780121007e-09,3.151393642942242e-10,5.536962651997484e-12,5.943723403019597e-10,1.0883794076730962e-11,1.0586784480968386e-11,9.652880946609146e-14,4.20700804194162e-13,4.567291549316586e-13,1.3883137002380403e-07,2.4653035862911156e-08,1.5922288569023532e-09,1.2322402623205195e-09,2.4639838365149676e-10,5.063160596955692e-10,8.746438941464414e-08,5.857221386336446e-09,1.458095981806138e-10,1.5219362942914134e-10,7.852707649658233e-07,7.727337818394376e-07,6.553010435627034e-08,4.745986093806153e-09,2.591958360154172e-06,3.6971296582051564e-10,9.77483014677419e-10,3.6945938984120336e-05,8.564462201981415e-10,1.9126628879641358e-10,0.0002703044838174327,5.4878420146516585e-09,7.54723888114745e-05,2.2436162370924057e-06,4.2530197396872356e-07,2.79919222654303e-08,1.9402878783433586e-10,7.386589154275038e-05,9.528553098699024e-05,2.863385730740918e-06,6.330654595074935e-06,5.801140230996982e-08,0.0016666472938506086,3.392568220449814e-08,0.00032642573881125163,0.0008818674117274859,2.7924205626402692e-06,1.08893409441653e-06,0.003507169885890429,0.002705596676099173,0.0004088435387392549,8.172754001818747e-08,5.513038984004768e-07,0.0007742619715549377,3.1220712835330783e-06,2.4477320191260475e-05,0.004944514922956768,0.00161063312986136,6.282199398870551e-09,1.5328143109389589e-06,2.5839189600632524e-07,8.204261225912479e-07,0.0007176640652958431,8.154751819080092e-08
Clean_CP_38,4.291822665741469e-19,1.0097212650479354e-12,2.8066766158091186e-12,1.6654632590857033e-10,5.2251181524062937e-14,3.672468959908196e-13,4.504019137657545e-12,9.883668985258127e-13,3.9015939012286817e-17,1.3223023344411325e-13,9.0394303795354e-14,1.8165226388803588e-10,6.37963445126458e-10,2.921978649249075e-10,6.934258690907143e-10,1.7726965792883788e-08,5.063019107706823e-10,1.1301289794337506e-07,4.088512698517269e-08,5.689555719011164e-10,4.0888512521791525e-08,7.725182275015168e-11,8.064961225070369e-07,2.234315632715812e-07,2.543796593979259e-06,9.721841623552176e-07,5.482232020690136e-11,6.217563894388849e-08,8.374259754800642e-07,2.1052453891148043e-06,8.20218143787167e-09,9.958609977826784e-06,5.543531310944361e-06,0.0001491566199425415,0.00038273715526159386,2.795649615245461e-06,8.152720706156891e-05,1.6222572068107913e-08,2.2821525719120711e-07,9.415216011357879e-07,7.969057516336303e-05,0.0023355244571927713,4.521237674837306e-05,0.0006350787431637228,6.717948577579631e-09,0.0015918098904179122,3.72429948012761e-07,0.0004578109238454049,0.00046253302616034955,7.059357007088615e-05,3.322816089950756e-05,0.007292648254680757,6.820456840542113e-07,1.9641431827671522e-07,0.002138959137635413,0.00026833270260950614,1.9026428645159342e-06,0.00020454950192939762,2.197534000926158e-06,5.051893505125395e-12,1.8490077854815494e-06,1.8540018663879626e-13,1.6395025142806053e-07,0.0018827309977137716,3.671995624454582e-08
Clean_CP_39,7.673065403529174e-20,5.8371230338266e-09,3.4996925017855206e-15,3.4408868646379604e-11,6.636299141410814e-09,1.34907557916832e-12,6.792371253042004e-10,3.745794371598089e-10,2.8194386534042477e-09,4.1593681390817563e-08,4.148561361161538e-08,4.813510865087721e-15,7.05925287795414e-14,1.0980747410325942e-14,5.388351887907581e-15,4.1221449810318585e-08,8.433860664140004e-07,7.157685188948729e-09,9.45955615920961e-12,1.0819049581436791e-05,1.4146081741127382e-06,3.6610669132426584e-15,1.863806955045516e-13,6.089033980522925e-06,5.635712005877015e-10,7.093743666515197e-11,0.00010889878779276489,0.0008706144577764728,2.563553652788646e-13,2.225979151638169e-08,0.00011914370882406056,2.3405409246420765e-11,2.3842617532202016e-07,2.3795935805110396e-06,6.30508931981411e-11,0.0008091571787844961,3.445458867204296e-07,0.00015711192297716454,5.24593726942433e-14,7.262780738410419e-14,0.00030795199297538,4.7474884773655095e-08,0.0009709291443495409,2.9067513242831667e-09,0.006075802590461222,3.280417955147716e-11,4.716798519968966e-13,2.5295844591619665e-08,5.223135896198563e-09,8.879641662399694e-10,2.3485973769248226e-11,7.795895326884423e-09,0.013121895355633843,0.0026502845584103468,2.5625811434298473e-06,5.9202989095702775e-05,0.0005898069367745171,1.1709349931362852e-09,6.9862328569242365e-09,0.00031974832689579083,9.136515944657118e-05,4.4296945598947995e-15,8.757628032401436e-05,3.3175558352780028e-06,0.0031509466051141107
Clean_CP_40,5.775710418636799e-18,4.074149810068357e-09,2.5231830713195354e-14,2.0060734424947057e-11,4.3119954734352495e-09,5.262459266319089e-12,2.5584897746657823e-10,2.0361488455034628e-10,3.4679706683738376e-09,1.0677605719582306e-08,1.200432708052752e-08,4.8105628517855845e-14,2.1732528158803442e-13,2.0035574623247176e-14,7.818532008184254e-15,5.404887831452612e-09,2.5965007189988195e-07,4.830050480193658e-09,5.242878078025532e-12,1.8267025612250061e-06,1.221952852073683e-07,8.689431485359834e-14,3.832667319814681e-13,2.174319726591856e-06,1.0728890014992351e-10,1.3392231061733016e-10,4.3087162819436294e-05,8.988792358743388e-05,1.7358868901831671e-12,2.6056956557085894e-09,1.5227744271821914e-05,1.457668680741561e-10,3.577080556109346e-08,2.711453189431775e-06,4.119512051382267e-11,0.0002763386614889238,4.882447240643048e-08,1.7844908932892714e-05,8.66286821114467e-13,9.317775879437722e-13,0.00014427543620649643,2.3064419673105176e-08,0.00012157640548034062,1.2275598092887552e-08,0.003874071112384267,8.989093525884373e-11,1.312432582728903e-11,1.670077174940367e-08,2.9339187147392924e-09,1.004331454226732e-08,3.160902056502525e-10,1.5114344822530014e-08,0.003958811806157256,0.0025878720096432304,5.385888102756452e-06,3.1061035191498214e-05,0.0016292206386779192,1.219066947510106e-08,1.4605378990228535e-07,0.0009736913501782022,0.00012255199916036522,6.561538028235228e-13,0.0001668673062244909,7.89392500242681e-06,0.0024094424923570704
Clean_CP_41,6.699263310903558e-16,1.061633252946517e-09,4.451680759062355e-11,1.8957460878201602e-09,1.791909965532534e-10,1.0747536096723104e-10,5.214184961748198e-10,2.539591022208795e-10,3.686785780799515e-12,2.1705625854587804e-10,1.9832228622297117e-10,6.847727145976012e-10,1.4396455876608992e-09,2.4160801849153723e-10,2.2425666443253465e-10,9.968993567182125e-08,1.1200551938287671e-07,8.11528507679712e-07,2.1988226471120235e-08,1.6722981245206077e-07,3.9613181867020616e-07,8.7828733696449e-10,7.203926715131377e-08,9.6392470072273e-06,3.8122627817621735e-07,1.044845689473798e-06,2.6120690296752103e-07,7.452186138105452e-06,2.723748516526988e-07,8.242750672026609e-07,1.1930577863183466e-06,6.998962068895201e-06,4.810014834284198e-06,0.0007966577384601787,8.022733783655291e-06,0.00023563111479898378,2.4363045418163497e-05,1.6583943133779521e-06,1.4056055879552307e-07,2.69996772794947e-07,0.001215198423281304,0.00025283084302375156,0.0003333641335146208,0.0003447390793424352,2.5975670023445432e-05,4.9607678994479715e-05,8.043904332263399e-07,9.751992639310525e-05,4.197098057845384e-05,0.00013933036007728796,2.3519051220765855e-05,0.0007774889283616448,0.00019872205221905937,0.00017789343696933004,0.005382743699742945,0.0011351884945263312,0.0009269037559891529,0.00024330218797980374,8.063094275017178e-05,5.425910723106796e-07,0.00018907060273327345,1.3990403437702682e-10,6.717127118336093e-05,0.00503161668119792,5.100140369586208e-05
Clean_CP_42,3.064859045444068e-12,4.876622388162217e-11,1.0508884286871367e-10,7.922728486672243e-12,1.4252690106413504e-11,1.4633928417655688e-10,2.05197545072522e-12,3.2997055673245836e-12,5.369376194196292e-12,1.4651385039009778e-12,1.997472266142585e-12,2.2403376487935515e-09,2.0728812223549334e-10,6.352408788920641e-12,2.4480402262559092e-12,8.912496846043975e-12,3.9589228831795343e-10,3.685096599075089e-09,2.251123084341806e-11,2.077213564837347e-10,1.9684188864702767e-11,4.691129637790455e-08,1.2162363467902328e-09,2.0943950544312103e-08,1.77685196289392e-11,3.1726967251156985e-08,8.509337807131795e-09,2.442645752115931e-09,2.116784282585791e-07,1.8291091804575678e-11,7.436215733585376e-10,5.70243362175071e-06,2.895107842421639e-10,1.2733919832457103e-05,4.7019524391030504e-09,8.724372877614082e-07,8.13629232856904e-10,7.351987782866685e-10,2.3740864290855974e-06,1.9771838440268104e-06,5.398201380641503e-06,1.2567803230435588e-07,6.034821167858769e-08,0.00011267398438421933,4.059008923452532e-06,2.9572961626038624e-06,9.150214192661284e-05,1.6515653396610752e-07,3.546720087522463e-08,0.0017941436324132665,0.00040712370427695523,3.1511839708533904e-05,2.595925594241383e-06,5.386373083802343e-05,0.0005648352978457722,6.9320589347846985e-06,0.0034602213338545797,0.00295970593658159,0.017699578169731764,2.1896006212899032e-05,6.474353956344625e-05,1.4679113951005925e-05,9.862964357373054e-05,0.0015320105987399837,1.4294661594202695e-05
Clean_CP_43,8.530772926541022e-16,2.955339750401886e-10,1.4514842570192189e-13,2.1157931549517237e-12,2.2910385679166773e-10,6.650837275805563e-12,9.745832937682935e-12,1.1969491023637801e-11,3.575015088825742e-10,1.823501686857527e-10,2.384871103805997e-10,8.273168733856637e-13,5.041739740749913e-13,2.3252144766532245e-14,7.383066680756102e-15,7.391342861571584e-11,8.487814519781106e-09,9.928070721214155e-10,1.0075702298183124e-12,2.3815370983374144e-08,1.0016974455627701e-09,6.992052885650458e-12,1.143823576457654e-12,1.374437612349852e-07,6.277247480163166e-12,2.4263335456318905e-10,1.863906720072347e-06,1.0002974061274538e-06,3.953132022772504e-11,8.163230437248962e-11,2.653869539692947e-07,3.223070170104591e-09,1.651871677997189e-09,2.6639233418993134e-06,4.242408226677847e-11,2.425858159261236e-05,2.7523149856049827e-09,3.063881121368567e-07,1.5075150690898702e-10,1.3114753063634833e-10,5.398928790490835e-05,1.5525444635622673e-08,5.404558758248055e-06,2.7324194210010556e-07,0.0009212792213849783,1.899952692453388e-09,4.9122915147546595e-09,2.2498434894318022e-08,3.689917927239719e-09,1.6499849393145582e-06,7.339318754364067e-08,2.3538476458810697e-07,0.0006356426929983052,0.0027023151259411788,4.685761647207893e-05,3.318817124516707e-05,0.0185276487025168,2.4857738131941715e-06,5.872965651673051e-05,0.0030777946289798777,0.0005397566845944293,3.2851628697730907e-09,0.0010375408306250702,0.00014802003090516507,0.0019299218819406171
Clean_CP_44,8.88833409630243e-08,1.3447491425569772e-12,5.477226707382766e-10,1.8212475299622888e-14,6.725034614891293e-13,4.1923164800113073e-10,3.030593570270671e-15,2.3990071758676443e-14,2.976844835535189e-12,7.769173972714034e-16,1.6806118698205868e-15,5.164999974811942e-09,2.007989012103952e-11,8.016594746201452e-14,1.044558864831557e-14,4.324704658247374e-17,9.167133011995939e-14,1.983737610140737e-12,4.046829902879991e-15,6.719801453488396e-15,9.698557815280682e-18,1.3444969522048028e-06,2.2511367181064963e-12,1.4103361032492553e-12,1.57993117785565e-17,1.0359605792159387e-10,3.833350151408054e-12,1.5298758291188628e-15,2.2142427431165182e-08,1.0692240380737881e-18,5.821146503043884e-16,1.8830858735169232e-07,3.1518704175499065e-17,1.6291890993078392e-09,1.579922009762994e-14,8.8386707143423e-12,3.042508340029894e-17,2.456116384493945e-16,1.1670980896393e-06,2.7881574619653137e-07,7.392482955789466e-12,5.867564852630462e-14,1.890661301733245e-15,1.2085480567800743e-07,4.0052948452954055e-10,3.1620717939818323e-10,0.0002999339699191843,1.199864149633225e-13,1.0440035580271736e-14,2.4739122022960033e-05,1.8350006104135896e-05,2.5943305698848575e-10,4.183418068377102e-12,2.4313596163301616e-09,1.848694015382392e-08,1.8971195004305217e-12,7.391070306824897e-07,1.5179859635711618e-05,0.0015889416360238102,3.4872765894891095e-07,8.315169057030507e-10,0.0069944471554951385,7.227587230746273e-09,2.7362056091079115e-08,3.580984495246704e-10
Clean_CP_45,1.0010548075381037e-16,2.648650340180265e-11,4.063962561682468e-17,3.7106024334323197e-16,1.26525048145111e-10,8.99737845878874e-14,4.1063559661382933e-14,1.5287142237485097e-13,1.4036149307877493e-08,2.6849171186119715e-11,5.132248607580238e-11,2.3041169593508828e-17,8.550458301982492e-18,1.0013105366324101e-19,9.103470871976323e-21,3.5407072787762417e-15,5.882491311321442e-11,5.25246011654324e-14,1.9681902529702915e-18,2.700904445422615e-10,7.94598312933987e-14,7.221255471927003e-16,1.6343291726718195e-19,6.790126753269773e-11,1.3809564992991936e-18,8.581347752783463e-16,6.351561449399545e-07,1.7851102043411436e-09,3.1180218569878317e-17,4.205810716706994e-17,5.227130848849254e-10,5.075026136627253e-15,2.213116670400827e-15,3.992461967431059e-11,4.22082650242459e-19,1.860355461843304e-08,7.405225202724796e-16,3.4011859292180297e-10,1.9356729671361597e-16,5.791336543721298e-17,1.8400788969957096e-09,8.18494904618764e-16,9.515468159024846e-11,1.565724266837225e-13,9.856870602298855e-05,2.654343928513802e-17,3.264698681175711e-14,2.372768228535687e-15,1.2027907449402718e-16,4.4406019086982304e-12,7.054982596967677e-14,9.094544610500451e-15,1.7182650577784768e-06,2.417352410677512e-05,1.1097428429830959e-10,1.3581910720313618e-10,4.283116917507906e-05,3.011677212830173e-12,5.6304858823076845e-09,0.021628758449558593,1.548175527053219e-07,2.85617341104055e-11,2.0358095268219833e-06,3.1162485185988257e-10,3.3509882739862856e-05
Clean_CP_46,6.018202716195726e-14,5.807838415411945e-12,2.241241033318909e-10,4.717926115976216e-11,6.21801805639493e-13,3.221033481363618e-11,1.9234591080918845e-12,1.4412806338559241e-12,9.986250633665316e-15,1.2495858764816703e-13,1.2798089184979472e-13,1.175222008398225e-08,2.6031885156936655e-09,2.1834413935273562e-10,1.9911135800867533e-10,1.2212009639836418e-10,1.7190554274788504e-10,2.3405369939993684e-08,1.499250914638743e-09,7.559716883972957e-11,1.4983213274049025e-10,6.269838690314464e-08,2.088843257634411e-07,3.0300401323733384e-08,3.7642254019682354e-09,6.55575004869927e-07,1.759430007899744e-10,1.389614989982819e-09,7.695598544356012e-06,1.5102946635669507e-09,3.022633048548625e-10,8.845299141369329e-05,1.0171131880837229e-08,5.266555732184393e-05,2.582438612007936e-06,4.5638333740438586e-07,6.651387508626246e-08,3.8184809824572176e-10,2.585121750943543e-05,4.239677186185605e-05,6.950864665415286e-06,1.3979998393606393e-05,2.179703676822325e-07,0.0015799247479639064,4.29764028819445e-08,0.0005048110792767574,0.0002755212632155436,7.692256184812127e-06,3.5104147262756175e-06,0.004504224934252879,0.0027822649923663705,0.0014373812967658577,2.405824572969252e-07,1.2536971829959542e-06,0.0018231834214224676,1.7445772131512444e-05,7.484162485505809e-05,0.0102545237481517,0.002344525794726128,6.0885306470922005e-09,6.623038770571579e-06,1.071007782150169e-07,2.7825981710585995e-06,0.003104279966662078,2.2105697497334587e-07
Clean_CP_47,1.4932950533292751e-18,8.936947950394568e-12,2.5589018945644713e-13,2.2341665716391552e-11,1.439372674824569e-12,4.643779242459006e-13,6.722884055483716e-12,2.4806797692340638e-12,2.796722572196818e-14,5.3900263708740596e-12,4.636140624290313e-12,8.373425356227335e-12,1.7103935000420477e-11,3.697255515270312e-12,4.204027795963492e-12,4.5701226761732535e-09,3.3680613854881895e-09,2.1840621479453492e-08,5.839588632171822e-10,8.398744570934725e-09,4.2765052623111797e-08,1.175035091961238e-11,3.1118454451378013e-09,4.760683818697213e-07,3.751686853519724e-08,3.460516645963955e-08,1.490678594751745e-08,1.7654669407414742e-06,1.0863795575354367e-08,2.2354021765893384e-07,3.498362508693119e-07,4.2675909432170326e-07,1.520785529269622e-06,9.060909324742074e-05,1.776993650114615e-06,4.2961514788747916e-05,1.0699658531637607e-05,6.793715404556772e-07,1.2847072492200607e-08,3.326122591698998e-08,0.0009005668627435695,0.000125928267170265,0.00037713528781395817,8.079069423998863e-05,9.181707769448547e-06,2.200441518932612e-05,6.689781363066312e-08,7.101634380911712e-05,3.6848946689680184e-05,5.7813394614913714e-05,7.049742857251071e-06,0.0009521979092864195,0.00022880536119816616,0.00015660953898155095,0.003912936088661122,0.002832812804811669,0.0015574430022272962,0.0001770285126447712,4.4724337198716636e-05,2.0650151012343054e-07,0.0004589198630763979,1.6824135646940302e-11,0.00012540326313721742,0.010481151805372239,6.371796273804448e-05
Clean_CP_48,3.2423887187509683e-19,2.47715232625227e-10,4.906513810400812e-15,4.123711031273641e-12,1.9218562832015252e-10,3.802949166517795e-13,3.058472661182067e-11,1.8029629514220318e-11,7.876606991716417e-11,1.0137916610341607e-09,1.0466532349615164e-09,2.315698726222089e-14,9.206439479846487e-14,1.1488128307740497e-14,6.07963895855535e-15,2.465209301285824e-09,4.5127825220111556e-08,2.023813008844467e-09,3.8184036350501415e-12,3.7724705545048963e-07,8.070446364770128e-08,3.8769585803148016e-14,7.53078778053155e-13,7.965155625785878e-07,2.060577429501233e-10,1.227442024722558e-10,5.945967153213184e-06,5.843257820389883e-05,2.767639542288148e-12,7.343874789988622e-09,1.1298836377749038e-05,2.629609693041524e-10,9.682794062868127e-08,3.6643340640022363e-06,2.732293937428532e-10,0.00020641147463776527,2.1019223517459076e-07,1.759368410267964e-05,2.231071000448269e-12,3.323946300297027e-12,0.00046315586320867347,1.7556126343293622e-07,0.0004653744612231882,5.331614898041451e-08,0.002232956355851191,1.017295594969263e-09,2.5939872247494423e-11,1.4952713962125908e-07,3.539960257109763e-08,5.417698006683038e-08,1.6811446105123938e-09,2.50728305176978e-07,0.008607183471119079,0.004393403453360572,3.333734514284925e-05,0.000309321533410324,0.006128554608009602,1.0252591536173635e-07,5.595926030277887e-07,0.00041881689427241287,0.0007488665017730153,6.01350352003554e-13,0.0006669104168113962,9.587524698925442e-05,0.004883290108967217
