,Region_1,Region_2,Region_3,Region_4,Region_5,Region_6,Region_7,Region_8,Region_9,Region_10,Region_11,Region_12,Region_13,Region_14,Region_15,Region_16,Region_17,Region_18,Region_19,Region_20,Region_21,Region_22,Region_23,Region_24,Region_25,Region_26,Region_27,Region_28,Region_29,Region_30,Region_31,Region_32,Region_33,Region_34,Region_35,Region_36,Region_37,Region_38,Region_39,Region_40,Region_41,Region_42,Region_43,Region_44,Region_45,Region_46,Region_47
CP_0,31.32490414949054,136.51760627299456,55.56982915481742,63.91976204480262,95.95501163484062,127.6789434001762,114.26114487278724,160.94267119136148,158.96089822098054,47.85067147600047,65.36325077523014,123.23261362023027,105.66107444198221,109.27483137443959,123.48681005110133,61.69080598376299,65.4293625470787,87.56514383391081,72.72601054330426,91.78278994430887,138.72641886459184,144.06757323809106,155.90100049526902,121.0560549322016,125.00178775980251,93.22030280935572,115.88384300210085,134.62858133588668,117.44806165603137,127.3261034927998,148.88389250165355,94.14152016826816,99.1539935599591,113.07737366650241,107.34067344066386,125.0391460102079,150.57230898530162,158.095069348162,98.44540259898008,115.87807060254843,146.59982152854198,162.11698865395036,124.34445830803777,132.31649170179884,173.59527197648046,130.6539853392838,168.5591947752755
CP_1,116.62871073593732,12.234648169042702,92.38378573061044,84.03385284062524,51.99860325058725,20.274671485251684,33.692470012640634,36.65971308740962,44.546889466578314,108.2098594104991,116.09331616282779,46.55035121660566,52.99716470735674,67.90260439749618,64.72411971930165,88.2803727310258,83.25112886231348,69.93622982985917,97.4827911001742,78.42601169916958,62.044156460967244,72.66936352618993,84.50279078336789,79.6838279552582,78.73406976764993,141.75488743283805,90.60628180535487,93.1019689919992,108.40086796042893,123.10094845256597,107.78152749346593,105.43403685952038,94.92883851972528,108.85221862626858,118.63319013191608,120.81399096997407,98.06871069907811,114.1884939690183,136.52978764321367,127.17058729380065,132.77932937458056,135.11351412399927,135.63697499928998,135.2216045062134,129.68869659733673,141.946502030536,141.5557202453244
CP_2,11.367195521674839,102.97408145365551,22.026304335478383,30.37623722546358,62.411486815501576,94.13541858083715,80.7176200534482,127.39914637202243,125.41737340164153,28.982309807627324,46.49488910685699,89.68908880089123,72.11754962264317,78.98510948679201,93.19708816345376,28.147281164423955,31.885837727739656,54.02161901457177,53.8576488749311,71.66407722009093,105.18289404525281,113.77785135044348,125.61127860762144,90.76633304455403,94.71206587215494,74.35194114098256,97.01548133372769,108.92545483888979,98.57969998765822,108.45774182442665,123.60501334035652,75.273158499895,80.28563189158595,94.20901199812926,88.47231177229071,106.17078434183475,124.86918248830474,132.3919428511651,79.57704093060693,97.00970893417528,127.73145986016883,143.24862698557723,105.47609663966462,113.44813003342568,147.89214547948356,111.78562367091062,149.69083310690237
CP_3,77.67557076924335,37.61893575274228,53.43064576391647,45.080712873931276,13.045463283893287,28.780272879923913,15.362474352534964,62.0440006711092,69.9311770502779,69.25671944380515,81.28572739816735,39.40273810619099,34.667169047251065,49.5726087373905,57.57650660888697,49.32723276433185,44.29798889561952,30.98308986316521,67.682327469689,48.625548068684374,54.89654335055256,65.52175041577524,77.3551776729532,61.35383229515252,65.29956512275344,109.14277943229293,72.2762861452492,79.51295408948828,83.42244298531234,93.30048482208078,94.192512590955,75.63357322903516,65.12837488924008,79.05175499578338,88.83272650143087,91.01352733948887,90.92109758866343,102.9794421017636,106.72932401272847,97.37012366331544,112.57420285782297,121.52449922148833,105.83651136880478,105.42114087572818,118.47964473008204,112.14603840005078,127.96670534281346
CP_4,123.55055879257323,18.357856669069214,99.30563378724635,90.95570089726115,58.92045130722316,27.196519541887582,40.614318069276536,19.73459501109758,27.62177139026627,115.13170746713502,123.01516421946371,53.472199273241564,59.91901276399264,74.82445245413207,70.92641326118813,95.20222078766172,90.17297691894939,76.85807788649508,104.40463915681012,85.3478597558055,47.856250746654986,62.9499059314934,74.78333318867136,86.60567601189409,84.9363633095364,148.67673548947397,97.52812986199076,99.30426253388568,115.32271601706482,130.0227965092019,109.30255817798066,112.3558849161563,101.8506865763612,115.7740666829045,125.555038188552,127.73583902661,88.34925310438159,104.46903637432177,143.4516356998496,134.09243535043657,134.30036005909528,136.634544808514,142.55882305592593,142.1434525628493,119.96923900264022,148.86835008717193,143.07675092983914
CP_5,47.04686243113463,72.44340090121997,52.04718731664291,58.39407682620431,31.880806263066024,63.6047380284016,50.186939501012645,96.86846581958689,104.75564219875558,64.66197671708711,82.17455601631679,74.22720325466867,67.25916113890969,74.12672100305855,88.33869967972029,57.14074099410164,55.06985541393132,49.16323053083829,83.8280099237524,66.80568873635745,89.72100849903025,100.34621556425293,112.17964282143089,85.90794456082057,89.85367738842147,110.03160805044236,96.83039841091724,104.06706635515633,101.60258365298543,111.48062548975386,118.74662485662306,93.81371389670825,83.30851555691316,97.23189566345647,107.01286716910396,109.19366800716196,120.01079400457127,127.53355436743166,115.25670784006672,115.55026433098853,130.75434352549604,146.0786114871564,124.01665203647786,123.60128154340127,143.0337569957501,130.32617906772387,152.52081760848154
CP_6,104.8646050945169,5.7078334806425355,80.61968008919003,72.26974719920483,40.23449760916684,8.510565843831259,21.928364371220212,30.132898399009452,38.02007477817814,96.44575376907869,104.32921052140738,34.78624557518524,41.23305906593632,56.138498756075755,52.960014077881226,76.51626708960539,71.48702322089306,58.17212418843876,85.71868545875378,66.66190605774916,50.280050819546815,60.90525788476949,72.73868514194746,67.91972231383777,66.9699641262295,129.99078179141765,78.84217616393444,81.33786335057877,96.6367623190085,111.33684281114557,96.0174218520455,93.66993121809996,83.16473287830487,97.08811298484818,106.86908449049567,109.04988532855367,86.30460505765768,102.42438832759787,124.76568200179327,115.40648165238024,121.01522373316011,123.34940848257882,123.87286935786958,123.45749886479298,117.92459095591632,130.18239638911558,129.79161460390395
CP_7,106.9392587883693,12.02932133023143,82.69433378304242,74.34440089305723,42.309151303019235,14.08388464084195,24.003018065072617,36.45438624859835,44.34156262776704,98.52040746293109,106.40386421525977,40.35956437219593,43.30771275978872,58.21315244992816,58.53333287489192,78.59092078345779,73.56167691474546,60.246777882291155,87.79333915260618,68.73655975160156,55.853369616557515,66.4785766817802,78.31200393895816,69.99437600769018,72.54328292324018,132.06543548527003,80.91682985778685,86.91118214758946,98.71141601286091,113.41149650499796,101.59074064905619,95.74458491195236,85.23938657215726,99.16276667870056,108.94373818434806,111.12453902240605,91.87792385466838,107.99770712460857,126.84033569564566,117.48113534623263,126.5885425301708,128.9227272795895,125.94752305172197,125.53215255864536,123.49790975292701,132.257050082968,135.36493340091465
CP_8,153.1714727354872,47.9787706119832,128.92654773016034,120.57661484017514,88.54136525013715,56.81743348480157,70.23523201219052,23.553705693616283,31.440882072784976,144.752621410049,144.1168485141575,67.16916667353527,84.74070585178333,88.95750262036859,74.74552394370684,124.8231347305757,119.79389086186337,102.83663645985473,125.50632345150392,106.4495440504993,51.67536142917369,66.7690166140121,78.60244387119006,91.27973350980517,88.75547399205512,169.77841978416777,102.20218735990184,103.12337321640439,119.9967735149759,134.6794578693531,113.12166886049935,133.4575692108501,118.93203680204358,124.36746150450486,146.6567224832458,134.941502839024,92.16836378690029,108.28814705684047,164.5533199945434,155.19411964513037,138.11947074161398,140.4536554910327,157.52683340058155,149.3491163752633,123.78834968515892,169.97003438186573,146.89586161235783
CP_9,130.98673256058711,32.70310352722359,106.74180755526024,103.49239595581749,73.26569816537753,41.54176640004196,54.95956492743091,8.278038608856674,3.3507384890970853,121.8410047111846,116.02670493046962,39.07902308984738,56.65056226809544,60.867359036680696,46.65538036001895,101.9115180317113,96.88227416299897,74.74649287616685,97.41617986781603,78.35940046681141,23.5852178454858,38.67887303032421,50.51230028750218,63.189589926117286,60.665330408367225,141.6882762004799,74.11204377621397,75.0332296327165,91.90662993128802,106.5893142856652,85.03152527681146,105.3674256271622,90.84189321835571,96.27731792081698,118.56657889955791,106.85135925533613,64.0782202032124,80.19800347315258,136.4631764108555,127.10397606144248,110.02932715792608,112.36351190734479,129.4366898168937,121.25897279157545,95.69820610147103,141.87989079817783,118.80571802866992
CP_10,132.45288371810065,37.129130944146254,108.20795871277377,104.95854711333102,77.6917255823002,45.96779381696462,59.385592344353576,12.704066025779337,4.816889646610644,123.30715586869813,117.49285608798318,40.54517424736093,58.11671342560899,62.33351019419426,48.12153151753251,103.37766918922483,98.3484253205125,76.21264403368039,98.88233102532959,79.82555162432497,25.05136900299936,40.14502418783777,51.978451445015736,64.65574108363084,62.131481565880776,143.15442735799346,75.57819493372752,76.49938079023005,93.37278108880157,108.05546544317876,86.49767643432503,106.83357678467577,92.30804437586926,97.74346907833053,120.03273005707148,108.3175104128497,65.54437136072596,81.66415463066615,137.92932756836908,128.57012721895603,111.49547831543964,113.82966306485835,130.90284097440727,122.72512394908901,97.1643572589846,143.3460419556914,120.27186918618348
CP_11,12.218388981011099,110.13939528140466,36.46331398633798,39.74083805519805,69.5768006432507,101.30073240858628,87.88293388119733,134.5644601997716,131.85581070542634,13.365544483338837,30.8781237825685,96.12752610467604,78.55598692642798,74.78970438177795,89.0016830584397,33.29503116281214,38.32427503152447,60.46005631835658,38.240883550642614,57.29766295164723,111.62133134903762,109.58244624542942,121.41587350260738,86.57092793953997,90.51666076714088,58.73517581669408,81.39871600943921,100.14345434322503,82.96293466336974,92.84097650013817,114.3987655089919,59.656393175606524,64.66886656729747,78.59224667384078,72.85554644800223,90.55401901754627,116.08718199263998,123.60994235550035,63.960275606318454,81.3929436098868,112.11469453588035,127.63186166128874,89.85933131537614,97.8313647091372,139.1101449838188,96.16885834662214,134.07406778261387
CP_12,35.59269797792296,87.9007948761001,13.381178953238141,15.67889489422776,47.33820023794614,79.06213200328172,65.64433347589276,112.32585979446701,109.6172103001218,29.22404885242752,42.73475919516884,73.8889256993715,56.31738652112343,63.184946385272276,77.39692506193403,12.207947268825432,16.085674626219912,38.221455913052026,38.89521619847619,55.86391411857119,89.38273094373308,97.97768824892376,109.81111550610171,74.96616994303429,78.9119027706352,70.59181122929442,82.05304865727278,93.12529173737005,83.6172673112033,93.49530914797174,107.80485023883678,60.3107258234401,65.32319921513104,79.24657932167435,73.5098790958358,91.20835166537984,109.06901938678499,116.59177974964538,75.81691101891879,82.04727625772037,112.76902718371392,128.28619430912232,90.51366396320971,98.48569735697077,132.09198237796383,96.82319099445571,134.72840043044746
CP_13,35.14873450616409,75.15172083904395,10.903809500837207,2.5538766108520092,34.58912620089,66.31305796622557,52.89525943883662,99.57678575741086,101.93672012396469,28.615685864375266,40.644693818737466,66.20843552321439,48.63689634496633,55.504456209115176,69.71643488577692,8.68619918490197,8.405184450062817,30.540965736894925,35.37346811455272,48.183423942414095,81.70224076757597,90.29719807276665,102.1306253299446,67.2856797668772,71.2314125944781,68.50174585286304,78.20813361697387,85.44480156121296,80.09551922727984,89.97356106404827,100.12436006267968,56.78897773951663,61.80145113120757,75.72483123775088,69.98813101191233,87.68660358145637,101.3885292106279,108.91128957348829,73.7268456424874,78.5255281737969,109.24727909979046,124.76444622519884,86.99191587928624,94.96394927304732,124.41149220180674,93.30144291053224,131.20665234652398
CP_14,29.181173485869344,76.73840516159899,4.9362484805424645,4.516505179726657,36.175810523445044,67.89974228878062,54.48194376139166,101.1634700799659,98.4548205856207,21.858788392132553,33.88779634649475,62.726535984870395,45.15499680662233,52.02255667077117,66.23453534743292,1.9293017126592553,4.923284911718811,27.059066198550923,28.616570642310013,44.701524404070085,78.22034122923198,86.81529853442265,98.64872579160061,63.80378022853319,67.7495130561341,61.744848380620326,71.7744031011066,81.96290202286895,73.33862175503712,83.21666359180556,96.64246052433568,50.032080267273926,55.04455365896486,68.96793376550816,63.231233539669624,80.92970610921365,97.90662967228388,105.42939003514428,66.96994817024469,71.7686307015542,102.49038162754775,118.00754875295613,80.23501840704353,88.2070518008046,120.92959266346273,86.54454543828955,124.44975487428125
CP_15,89.4595626676072,29.04745843236778,65.21463766228032,61.965226062837566,34.992828171184044,20.20879555954941,16.686694933237426,50.96902980033758,43.08185342116889,80.31383481820468,78.2195438305866,7.3535688204185945,15.123392375115541,30.028832065254978,25.52733732311458,60.38434813873139,55.355104270019055,33.21932298318695,59.60901876793301,40.55223936692839,22.847374064780173,33.47258113000285,45.30600838718082,41.81005562301699,39.53728737146285,103.88111510059686,52.732509473113666,53.90518659581212,70.52709562818772,85.22717612032478,68.58474509727884,67.56026452727919,57.055066187484094,70.97844629402739,80.75941779967489,82.94021863773288,58.871928302891035,74.99171157283122,98.65601531097249,89.29681496155946,93.58254697839345,95.91673172781216,97.7632026670488,97.3478321739722,90.49191420114967,104.07272969829481,102.35893784913729
CP_16,112.57094995335773,48.69540770779503,88.32602494803085,85.0766133485881,59.13883967912466,42.711287509601526,40.83270644117803,44.75725304586811,41.5963455940198,103.4252221039552,101.33093111633713,20.663240482618004,38.23477966086607,53.04898766197573,38.837008985313986,83.49573542448191,78.46649155576958,56.33071026893747,82.72040605368353,63.663626652678914,28.077914985506712,40.7530966994351,52.586523956613064,55.37121855141232,52.84695903366226,126.99250238634738,66.293672401509,67.21485825801153,84.08825855658306,99.21827019526427,81.89441675947826,90.67165181302971,80.16645347323461,88.45894654611202,103.87080508542542,99.03298788063118,66.15244387232329,82.27222714226347,121.76740259672302,112.40820224730999,106.89221864059287,109.22640339001158,120.87458995279933,113.44060141687049,97.77242977058192,127.18411698404533,115.66860951133671
CP_17,83.6147574503686,58.628045746332845,59.369832445041716,56.12042084559895,34.00118434361875,49.78938287351448,36.37158434612552,83.05311066469976,77.6210039558824,74.46902960096607,75.76446909258911,41.8927193551321,30.372761357066235,37.166298762817334,51.37827743947908,54.539542921492774,49.51029905278044,27.37451776594833,57.15394402993551,38.09716462893089,57.38652459949368,68.01173166471636,79.84515892189432,48.94752232057935,52.893255148180266,101.42604036259937,59.869976170676026,67.10664411491511,72.89405954555886,82.77210138232729,81.78620261638184,65.1051897892817,54.599991449486595,68.5233715560299,78.3043430616774,80.48514389973539,83.05037176433007,90.57313212719043,96.200940572975,86.84174022356197,102.04581941806947,109.11818924691516,95.30812792905131,94.8927574359747,106.07333475550888,101.61765496029732,115.5603953682403
CP_18,51.45843680342115,54.461141844047184,27.21351179809427,23.87680740405494,13.898547205893237,45.622478971228816,32.20468044383986,78.8862067624141,82.84310790980973,42.312708954018625,54.34171690838083,47.11482330905943,29.54328413081137,36.41084399496022,50.62282267162196,22.38322227454533,17.353978405832994,11.447353522739963,48.14659112926375,29.08981172825913,62.60862855342101,71.20358585861169,83.03701311578965,48.192067552722236,52.13780038032315,82.1987689425064,59.11452140281891,66.351189347058,63.886706644887084,73.76474848165553,81.03074784852473,56.097836888609926,45.59263854881483,59.51601865535813,69.29699016100562,71.47779099906363,82.29491699647295,89.81767735933332,87.19358767230322,77.8343873228902,93.03846651739772,108.36273447905805,86.30077502837953,85.88540453530294,105.31787998765176,92.61030205962554,114.80494060038318
CP_19,118.90833347845353,47.06618097330386,94.66340847312665,91.4139968736839,69.34702099931646,53.27630373906779,51.04088776136983,22.641116054936937,14.753939675768246,109.76260562905101,103.94830584833605,27.00062400771381,44.57216318596187,48.788959954547124,34.57698127788538,89.83311894957771,84.80387508086538,62.668093794033275,85.33778078568245,66.28100138467784,11.50681876335223,26.60047394819064,38.433901205368606,51.111190843983714,48.58693132623365,129.6098771183463,62.033644694080394,62.95483055058292,79.82823084915445,94.51091520353162,72.95312619467789,93.28902654502863,78.76349413622214,84.19891883868341,106.48817981742434,94.77296017320258,51.999821121078824,68.11960439101901,124.38477732872194,115.02557697930891,97.9509280757925,100.28511282521121,117.35829073476015,109.18057370944189,83.61980701933746,129.80149171604427,106.72731894653634
CP_20,102.49115859655214,45.697791729984765,78.24623359122526,74.99682199178251,52.92984611741507,36.8591288571664,34.62371287946844,37.145923286139436,29.258746906970746,89.68203353905197,83.4172195344018,10.583449125812418,28.15498830406048,28.257873640612864,14.045894963951119,73.41594406767632,68.386700198964,46.25091891213189,64.8066944717482,45.74991507074358,9.024267550582032,15.535563183771835,27.3689904409498,30.58010453004945,28.055845012299386,109.07879080441205,41.50255838014613,42.42374423664865,59.297144535220184,74.4271561739014,57.10330273811538,72.75794023109438,58.23240782228787,63.66783252474914,85.95709350349009,74.24187385926831,40.934910356660026,57.05469362660021,103.85369101478769,94.49449066537466,82.10110461923,84.43528936864871,96.82720442082586,88.64948739550762,72.55489625491866,109.27040540211,90.87749548997384
CP_21,39.4874455206129,126.49296721800934,55.76957992836239,56.09440999180273,85.93037257985539,117.65430434519097,104.23650581780201,149.54104365927492,141.65386728010623,29.71911641994352,29.162628756803972,109.64559147245285,92.07405229420479,84.13724673252264,98.34922540918438,49.64860309941682,54.67784696812915,76.81362825496126,47.58842590138732,66.64520530239193,121.41938792371752,118.92998859617411,130.7634158533521,95.91847029028466,99.86420311788557,50.42475596768754,90.74625836018392,109.49099669396973,92.31047701411444,102.18851885088287,123.7463078597366,69.00393552635123,74.01640891804217,87.93978902458548,82.20308879874693,99.90156136829097,125.43472434338469,132.95748470624505,55.64985575731191,80.00925470183434,121.46223688662505,136.97940401203346,99.20687366612084,107.17890705988191,148.4576873345635,94.78516943856968,143.4216101333586
CP_22,29.486387656916833,94.77832328770927,24.05493599806233,24.37976606150267,54.215728649555324,85.9396604148909,72.52186188750194,114.95668345422708,107.06950707505838,11.871273370964346,14.024535464718742,75.06123126740496,57.4896920891569,49.55288652747477,63.76486520413651,17.933959169116758,22.963203037829093,45.0989843246612,13.004065696339431,32.06084509734405,86.83502771866966,84.34562839112624,96.1790556483042,61.33411008523679,65.2798429128377,41.88158749884432,56.161898155136015,74.90663648892183,57.72611680906653,67.60415864583497,89.1619476546887,34.41957532130334,39.43204871299428,53.35542881953758,47.61872859369904,65.31720116324307,90.85036413833677,98.37312450119717,47.10668728846869,56.156125755583616,86.87787668157716,102.39504380698554,64.62251346107294,72.59454685483402,113.87332712951562,70.93204049231896,108.83724992831067
CP_23,103.24465442862817,61.45159487701941,78.99972942330129,75.75031782385854,64.94204132347983,52.61293200420104,48.213178830852605,70.49978797213348,62.61261159296478,94.09892657922565,88.41207682318056,34.02337262029848,28.9084841361365,33.67567678612896,28.83008955765006,74.16943989975235,69.14019603104002,47.00441474420791,69.80155176052696,50.74477235952235,42.378132236576064,48.88942786976587,60.722855126943834,41.05462935939329,42.84003960599833,114.07364809319083,51.97708320948996,57.207938830347594,69.77166936456402,84.90168100324523,71.88749733181433,77.75279751987316,67.24759918007805,74.14235735409298,90.95195079226886,84.71639868861213,73.15166647976254,80.67442684262292,108.84854830356646,99.48934795415343,96.88529921292894,99.21948396234765,107.3017292501697,99.12401222485144,96.17462947094137,114.26526269088878,105.66169008367278
CP_24,69.02780063163958,53.88320769562178,44.782875626312695,41.53346402686993,30.725187526491233,45.04454482280341,31.626746295414456,73.50905175886541,65.62187537969672,57.03891385942289,50.774099854772714,29.893590778946418,12.322051600698353,12.175929525000939,26.387908201662686,39.95258610276375,34.92334223405142,12.787560947219312,32.163574792119114,13.106795391114495,45.387396023308,46.96867138865241,58.80209864583038,23.957153082762957,27.90288591036387,76.43567112478296,34.87960693285963,42.11627487709871,47.90369030774245,57.78173214451089,56.79583337856544,40.11482055146529,29.6096222116702,43.5330023182135,53.31397382386099,55.49477466191899,58.06000252651366,65.58276288937404,71.21057133515859,61.85137098574557,77.05545018025308,84.12782000909877,70.3177586912349,69.90238819815829,81.08296551769249,76.62728572248092,90.5700261304239
CP_25,61.259091210478346,81.48186327575584,50.58450020715345,48.83319519546619,40.9192686376019,72.64320040293748,59.22540187554853,105.90692819412276,100.50806435447244,43.64397692452586,45.79723901828025,64.77977975372214,47.20824057547407,48.47095850309104,62.682937179752784,44.463523378207874,42.22307340264768,29.112309967402666,27.504346986377122,34.56744553761062,80.27358499808372,83.26370036674251,95.09712762392047,60.25218206085306,64.19791488845397,73.65429105240582,61.718879166039926,78.41130385518882,63.283097819970436,73.16113965673888,93.09086235665555,48.350299029793604,44.989029723898184,58.91240983044148,61.5494523021893,70.87418217414698,94.35503150460377,101.87779186746414,78.87939084203019,70.08684946407388,92.43485769248107,107.95202481788945,78.5532371695632,85.28179571038629,117.37799449578259,84.86276420080922,114.39423093921458
CP_26,138.47384876748882,80.23525029925872,114.22892376216194,110.97951216271919,88.91253628835175,72.84181902810309,70.60640305040512,55.8101853808918,47.92300900172311,124.41582554761057,118.15101154296039,46.5661392967491,64.13767847499716,62.991665649171466,48.77968697250972,109.398634238613,104.36939036990067,82.23360908306856,99.5404864803068,80.48370707930218,31.07233405238752,28.19892378552,38.12450453869327,65.31389653860805,62.789637020857995,143.81258281297065,76.23635038870472,67.63415210381845,94.03093654377878,94.2015185368563,72.64372952800257,107.49173223965298,92.96619983084646,98.40162453330774,120.69088551204868,108.97566586782689,51.6904244544035,67.81020772434368,138.58748302334627,129.22828267393325,97.64153140911718,99.97571615853589,131.56099642938446,116.7844007182857,83.31041035266213,144.0041974106686,106.41792227986102
CP_27,122.37111583702,69.77245470273354,100.29064680394205,97.0412352044993,77.00450909016384,60.93379182991518,58.69837585221722,51.75441070937276,43.86723433020407,104.75600155106751,98.49118754641734,34.6581120985612,52.229651276809264,43.33184165262841,29.11986297596667,95.46035728039311,90.43111341168078,68.29533212484867,79.88066248376374,60.823883082759124,23.632754973815356,8.539099788976944,5.782813743374608,45.654072542065,43.12981302431494,124.15275881642759,54.03719964228559,35.292461308499774,71.83178579735964,61.85982774153763,40.3020387326839,87.83190824310992,70.76704908442733,76.10855756783502,95.1369846481521,77.13149375264204,19.34873365908483,35.468516929025014,118.92765902680323,109.5684586773902,65.29984061379851,67.63402536321722,99.71682431419961,84.44270992296703,50.96871955734346,117.77098828906338,74.07623148454235
CP_28,44.753699901542305,114.28331386675464,47.705477779141226,48.030307842581564,77.86627043063422,105.44465099393628,92.02685246654733,130.18914913690136,122.30197275773268,27.138585615589818,9.626006316360154,90.29369695007928,72.72215777183122,64.78535221014909,78.99733088681083,41.584500950195654,46.61374481890799,64.93576898553754,28.23653137901375,47.29331078001837,102.06749340134397,99.57809407380056,111.41152133097852,76.5665757679111,80.51230859551201,21.543817084576414,71.39436383781035,90.13910217159616,72.95858249174087,82.8366243285093,104.39441333736303,49.65204100397766,54.664514395668604,68.58789450221191,62.386462743971045,80.3919536394811,106.0828298210111,113.6055901838715,26.768916874200784,51.12831581872321,102.1103423642515,117.62750948965987,79.39024761134496,87.36228100510601,129.10579281218995,65.90423055545855,124.069715610985
CP_29,87.8840498047569,64.4990374070597,65.80358077167892,62.554169172236165,51.74589267185747,55.660374534241335,43.05491000522084,62.40274455028192,54.51556817111323,70.26893551880441,64.00412151415424,29.384694802887353,23.750215310504736,8.844775620365299,11.210926300191366,60.97329124812999,55.944047379417654,33.80826609258555,45.393596451500635,26.336817050496016,34.28108881472451,31.79168948718109,43.625116744359055,5.323283265906966,7.778513627091029,88.21303531993445,16.245737116003642,22.146412851440296,34.040323271077696,49.1703349097589,36.825971352907025,51.89218474661678,32.97558655814538,38.41101126060665,65.09133801901248,48.985052595125815,38.09014050085524,45.612900863715616,82.98793553031008,73.62873518089705,61.823773234021644,64.15795798344035,71.57038315668339,63.392666131365125,61.113103492034064,88.4046499176324,70.60016410476548
CP_30,129.5147847211422,76.91612358685572,107.43431568806423,104.18490408862148,84.14817797428603,68.07746071403736,65.8420447363394,58.898079593494955,51.01090321432626,111.89967043518972,105.63485643053953,41.80178098268338,59.37332016093144,50.475510536750605,36.26353186008886,102.60402616451529,97.57478229580296,75.43900100897085,87.02433136788594,67.96755196688132,30.776423857937544,15.682768673099133,3.8493414159211676,51.51811077538209,47.7268882053956,124.07102551876297,52.103727314832156,33.35898898104634,69.89831346990621,59.9263554140842,38.36856640523046,87.7501749454453,68.8335767569739,74.17508524038159,93.20351232069868,75.19802142518861,17.41526133163139,33.53504460157157,118.8459257291386,108.83658278173534,63.36636828634508,65.70055303576379,97.78335198674617,82.5092375955136,49.03524722989002,115.83751596160994,72.14275915708892
CP_31,62.95615965109839,112.68377886180778,57.52470799224389,57.84953805568423,81.2738605598626,103.84511598898942,90.42731746160047,128.5896141319545,120.70243775278583,45.3410453651459,33.05671637037118,88.69416194513242,71.12262276688436,63.18581720520223,77.39779588186397,51.40373116329832,56.43297503201065,63.33623398059068,32.33249943743293,45.69377577507151,100.46795839639711,97.9785590688537,109.28651817517849,71.95458612636416,75.90031895396507,50.3042089216829,61.03213227626749,79.77687061005331,62.59635093019801,72.47439276696645,94.03218177582018,35.91054112820595,44.302282834125755,58.225662940669054,43.215385188159644,61.2208760836697,95.72059825946826,103.24335862232863,54.704335682827185,47.69459422478493,87.33407275846314,104.87047083240546,60.21917005553355,68.19120344929462,118.74356125064708,62.47050896152028,111.31267695373059
CP_32,98.67189918602696,71.33919647347741,76.591430152949,73.34201855350625,62.53374205312754,62.500533600659054,53.84275938649091,69.24290361669965,61.35572723753096,81.05678490007448,74.7919708954243,36.22485386930507,34.53806469177481,19.63262500163537,18.051085366609087,71.76114062940006,66.73189676068773,44.59611547385562,56.181445832770706,37.12466643176609,41.12124788114224,38.631848553598815,47.91868210773525,7.851401443873351,4.041135318260819,90.74115349790083,18.773855293970026,18.409034542610087,36.56844144904408,51.698453087725284,33.088593044076816,54.420302924583154,35.503704736111764,40.93912943857303,67.61945619697886,51.5131707730922,34.35276219202503,41.87552255488541,85.51605370827646,76.15685335886343,58.08639492519143,60.42057967461014,74.09850133464977,65.92078430933151,57.375725183203855,90.93276809559877,66.86278579593527
CP_33,97.49550358291435,92.78082273110178,83.6804906617927,80.43107906234995,69.62280256197124,83.94215985828342,70.52436133089446,101.36334108694318,93.47616470777449,79.88038929696187,73.61557529231168,68.3452913395486,51.21966663617836,38.931307395764875,50.17152283685261,78.85020113824376,73.82095726953143,51.68517598269932,55.00505022965808,35.94827082865346,73.24168535138577,70.75228602384233,81.07914022739575,40.265453643212446,44.21118647081336,91.44159939245827,32.824754328484765,51.569492662270584,50.619340483558815,64.29419570447149,66.2490511637373,55.1207488191406,36.20415063066921,50.0454658781741,68.3199020915363,62.00723822187959,67.51322031168553,75.03598067454591,86.2164996028339,76.85729925342088,83.56791374021367,93.58103779427063,84.59256878343714,76.4148517581189,90.53618330286436,91.63321399015622,100.02324391559576
CP_34,57.7908049131563,79.50912748443685,48.108597318496365,48.4334273819367,48.09920918249165,70.67046461161847,57.25266608422952,95.41496275458358,87.52778637541489,40.175690627203814,33.91087662255363,55.51951056776147,37.94797138951341,30.01116582783128,44.22314450449303,41.98762048955079,47.01686435826313,30.16158260321973,15.300351559900037,12.519124397700566,67.29330701902617,64.80390769148275,76.11186679780754,38.77993474899323,42.72566757659414,50.80975133596791,27.85748089889655,46.60221923268237,29.421699552827064,39.2997413895955,60.85753039844924,14.488900762650232,11.127631456754813,25.05101156329811,27.68805403504593,37.0127839070036,62.54594688209732,70.0687072449577,45.58465154634354,36.22545119693051,58.57345942533769,74.09062655074607,44.69183890241984,51.42039744324291,85.56890987327614,51.00136593366586,80.5328326720712
CP_35,120.73544507638121,83.78121392339591,98.65497604330324,95.40556444386048,84.59728794348177,74.94255105057755,72.70713507287958,75.22934547955057,67.34216910038188,103.12033079042872,96.85551678577853,48.66687131922356,56.60161058212904,41.6961708919896,36.703553812694146,93.8246865197543,88.79544265104197,66.65966136420985,78.24499172312494,59.18821232212032,47.10768974399317,39.44361794792733,39.95155062039419,36.30340635664322,38.4156997237602,112.82533484050398,40.858036636573175,33.71275703096113,58.65262279164723,69.80576615308851,48.247977144234774,76.50448426718631,57.58788607871492,63.023310781176185,89.70363753958202,73.59735211569534,34.52139769753761,49.73886911009217,107.60023505087962,98.24103470146659,73.24577902534939,75.5799637747681,96.1826826772529,88.00496565193465,65.23907173841062,113.01694943820193,82.02216989609323
CP_36,93.67278181087421,71.71768506171628,72.20989442796706,68.9604828285243,58.152206328145596,62.87902218889792,49.46122366150897,71.1958935350803,63.30871715591161,76.05766752492173,69.79285352027155,38.177843787685724,30.156528966792862,15.251089276653424,20.00407528498974,67.37960490441812,62.35036103570579,40.214579748873675,51.18232845761795,32.74313070678414,43.07423779952289,40.58483847197947,44.19890364056951,3.469865718891407,7.240542386278125,79.99179420275216,8.02449599882136,14.68925607544435,25.819082153895415,40.94909379257662,29.368814576911078,43.67094362943449,24.7543454409631,30.18977014342437,56.87009690183019,40.763811477943534,30.632983724859294,38.15574408771967,74.7666944131278,65.40749406371476,54.36661645802569,56.7008012074444,63.3491420395011,55.171425014182844,53.655946716038116,80.18340880045011,63.14300732876953
CP_37,129.80307298129256,77.2044118470061,107.72260394821461,104.47319234877186,84.4364662344364,68.36574897418774,66.13033299648977,59.186367853645315,51.29919147447662,112.18795869534007,105.9231446906899,42.09006924283375,59.66160842108181,50.76379879690097,36.55182012023922,102.89231442466567,97.86307055595334,75.72728926912123,87.3126196280363,68.25584022703168,31.064712118087908,15.971056933249496,4.1376296760715325,45.40097521881915,41.60975264883266,117.95388996220002,45.98659175826921,27.24185342448339,63.78117791334327,53.809219857521256,32.25143084866752,81.63303938888235,62.716441200410955,68.05794968381865,87.08637676413574,69.08088586862567,11.298125775068446,27.41790904500863,112.72879017257566,102.7194472251724,57.249232729782136,59.58341747920085,91.66621643018323,76.39210203895065,42.918111673327076,109.720380405047,66.02562360052598
CP_38,70.93105026193102,132.40985217159943,73.88282813952995,74.2076582029703,100.99993386965421,123.57118929878105,110.1533907713921,148.31568744174612,140.42851106257743,53.31593597597853,35.80335667674887,108.42023525492405,90.84869607667599,82.91189051499384,97.12386919165559,67.76185131058438,72.7910951792967,83.0623072903823,54.41388173940247,65.41984908486313,120.19403170618872,117.70463237864531,122.31265745403647,84.98072540522215,88.92645823282305,7.9463046426232955,74.05827155512547,92.80300988891129,75.622490209056,76.21077591720378,97.76856492605751,38.41182392451234,57.32842211298373,71.25180221952704,42.933619010589304,60.93910990609936,108.74673753832624,113.2505568956509,7.316073140819041,31.675472085341468,87.0523065808928,104.58870465483514,59.93740387796321,67.90943727172429,128.75075952396935,46.45138682207682,111.03091077616027
CP_39,68.28358826933324,126.7296853595683,71.23536614693217,71.56019621037251,95.31976705762308,117.89102248674992,104.47322395936096,142.635520629715,134.7483442505463,50.66847398338075,33.155894684151086,102.74006844289292,85.16852926464486,77.23172370296271,91.44370237962445,65.11438931798659,70.14363318669892,77.38214047835116,51.76641974680469,59.739682272832,114.51386489415759,112.02446556661418,116.63249064200534,79.30055859319101,83.24629142079192,5.2988426500255095,68.37810474309434,87.12284307688016,69.94232339702486,70.53060910517264,92.08839811402638,32.7316571124812,51.6482553009526,65.5716354074959,37.253452198558165,55.25894309406822,103.06657072629511,107.57039008361977,1.6359063287878985,25.995305273310322,81.37213976886166,98.90853784280398,54.257237065932074,62.22927045969315,123.07059271193822,40.771220010045674,105.35074396412911
CP_40,112.25508698809668,103.56435643639688,102.57287939343675,100.8071542032049,89.99887770282619,94.72569356357852,81.30789503618956,103.04256490976088,95.15538853059219,94.63997270214419,88.37515869749402,70.02451516236633,62.00320034147346,47.09776065133402,51.850746659670335,96.45190256449118,94.19703241038638,72.06125112355427,69.76463363484042,59.83947743874128,74.92090917420347,60.22162951096242,48.388202253784456,35.316537093572,38.77915272774229,98.57409937997464,34.656155927775444,24.411253503393027,45.059032837738755,34.368543629180586,24.52003710228166,62.25324880665697,43.33665061818557,42.293615551113035,67.64570053579507,49.64020964028501,34.82228233807423,37.41136876386418,93.34899959035027,83.27877099683174,37.731283850744475,44.367006822834604,72.22554020184258,56.87415315991299,52.91157139218263,90.27970417670635,50.80921294415974
CP_41,80.0130320388522,92.61782902475434,70.33082444419227,70.65565450763262,63.17750727428789,83.77916615193597,70.36136762454701,92.09603749811835,84.20886111894966,62.39791775289972,56.13310374824954,59.07798775072377,51.05667292983091,36.15123323969147,40.904219248027786,64.2098476152467,67.37566198184808,45.23988069501597,37.522578685595946,27.597422489496804,63.97438176256094,61.484982435017514,61.70194173074377,24.370009681929453,28.315742509530367,66.33204443073016,13.447555831832778,32.1922941656186,14.349388397172532,24.30029042816595,45.85807943701968,30.011193857412493,11.0945956689411,10.051560601868562,40.018823841084114,22.013332945574057,48.136021815033544,55.65878217789392,61.1069446411058,51.74774429169277,43.574008463908136,59.09117558931652,44.598663507131626,36.42094648181337,71.15898480621236,62.652827481995395,65.53338171064165
CP_42,115.34287042549079,92.61580665921798,97.84899678306351,94.59958518362076,83.79130868324205,83.77714378639962,75.10032601660544,78.54221340011726,70.65503702094857,97.7277561395383,91.46294213488811,57.50146405504564,55.795631321889324,40.890191631749886,39.32769555234965,93.01870725951457,87.98946339080224,65.85368210397013,72.85241707223452,58.3822330618806,50.42055766455986,35.32690247972145,23.49347522254348,29.108968073987867,25.31774550400138,101.66188281736873,29.694584613437932,10.949846279652114,47.48917076851198,32.583538775619544,11.025749766765813,65.34103224405106,46.42443405557967,46.83226860191694,65.86069568223402,47.85520478672397,9.92755530683326,12.516641732623208,96.43678302774437,81.49376614327069,36.023551647880424,38.357736397299135,70.44053534828154,55.16642095704894,28.016844360941654,88.49469932314531,44.79994251862426
CP_43,87.7332358366845,111.98453860263672,78.05102824202456,78.3758583054649,80.57462030069152,103.14587572981834,89.72807720242939,125.67332018945744,117.78614381028875,70.11812155073201,63.85330754608182,87.99492168596134,70.42338250771328,62.48657694603115,74.48150193936688,71.93005141307898,76.95929528179131,62.6369937214196,45.24278248342823,44.99453551590044,97.55166445390003,95.0622651263566,95.27922442208288,57.94729237326855,61.89302520086947,60.148123431782,47.02483852317188,65.7695768569577,45.70092972816585,50.44999823928019,72.00778724813392,23.827272858464323,33.92576158145251,41.40363487246307,28.708947198158786,35.17833222817577,81.71330450637265,87.48977921772732,54.923023642157624,39.32770147158756,64.44294509832558,81.9793431722679,45.71273206553269,45.30007578915706,102.98998184604577,54.10361620832291,88.42154929359303
CP_44,149.13794431577838,112.12435220448668,131.64407067335114,128.39465907390837,117.58638257352968,103.28568933166832,101.05027335397034,94.10630821112589,86.2191318319572,131.5228300298259,125.25801602517573,77.01000960031433,89.59070521217693,74.6852655220375,71.4717604777198,126.8137811498022,121.78453728108987,99.64875599425775,106.64749096252214,92.17730695216821,65.98465247556848,50.89099729073007,39.0575700335521,62.904041964275486,59.112819394289,135.45695670765636,63.48965850372555,44.74492016993973,81.28424465879961,66.37861266590717,44.82082365705343,99.13610613433869,80.21950794586729,80.62734249220456,99.65576957252165,81.65027867701158,33.702173664857234,31.481263953654754,130.23185691803198,115.28884003355832,69.81862553816805,72.15281028758676,104.23560923856914,88.96149484733657,45.766055672477144,122.28977321343291,74.34238635148725
CP_45,73.54840904614304,103.64047431500993,63.8662014514831,64.19103151492344,72.23055601306474,94.80181144219156,81.38401291480261,119.54630958515666,111.65913320598797,55.93329476019055,49.66848075554037,79.65085739833457,62.079318220086506,54.14251265840437,68.35449133506611,57.74522462253753,62.77446849124986,54.29292943379282,31.05795569288677,36.65047122827366,91.42465384959925,88.93525452205584,93.54327959744697,56.21134754863266,60.15708037623357,33.227750329662506,45.288893698535986,64.0336320323218,40.565115549290304,40.89205223634661,62.449841245200346,9.64244606792286,28.55904425639425,37.582158568947676,7.614895329732127,25.620386225242186,79.97735968173674,77.93183321479374,28.002650540038136,12.094104366357413,51.73358290003563,69.26998097397797,24.618680197106038,32.59071359086711,93.43203584311219,26.870019103092766,75.7121870953031
CP_46,80.36444500897531,137.24837863082357,83.31622288657424,83.64105295001457,105.8384603288784,128.4097157580052,114.99191723061627,153.15421390097032,145.26703752180163,62.74933072302283,45.236751423793166,113.25876171414822,95.68722253590016,87.75041697421803,101.96239565087977,77.19524605762867,82.224489926341,87.90083374960648,63.84727648644676,70.25837554408731,125.03255816541292,122.5431588378695,127.15118391326064,89.81925186444633,93.76498469204724,17.37969938966759,78.89679801434966,97.64153634813547,79.15272854659813,79.47966523365443,101.03745424250816,43.25035038373652,62.166948572207914,76.09032867875122,46.20250832703996,64.20799922255001,113.58526399755041,116.51944621210156,12.15459960004322,34.40236099648184,90.32119589734346,107.85759397128578,63.20629319441387,71.17832658817494,132.01964884042,45.476836919767074,114.29980009261091
CP_47,89.53646045410294,99.75506259082175,79.854252859443,80.17908292288334,72.70093568953861,90.91639971800338,77.49860119061442,99.23327106418576,91.34609468501706,71.92134616815045,65.65653216350027,66.21522131679119,58.19390649589832,43.28846680575888,48.0414528140952,73.73327603049742,76.8990903970988,54.76330911026669,47.04600710084667,37.12085090474753,71.11161532862835,68.62221600108492,68.83917529681118,31.507243247996865,35.452976075597775,75.85547284598088,20.584789397900188,39.32952773168601,2.7902032428261334,17.920214881507338,39.47800389036107,39.53462227266321,20.618024084191823,6.694643977648524,35.481617941138545,17.476127045628488,55.27325538110095,54.95999585995446,70.63037305635652,51.11468840217522,37.193932917249526,52.711100042657904,40.06145760718606,31.883740581867798,70.46019848827291,58.115621582049826,59.15330616398303
CP_48,84.49304677400984,99.0674403113907,74.81083917934991,75.13566924279024,67.65752200944553,90.22877743857234,76.81097891118338,100.53856646119159,92.6513900820229,66.87793248805735,60.61311848340718,67.52051671379701,57.506284216467286,44.593762202764715,49.34674821110103,68.68986235040434,71.85567671700572,49.71989543017361,42.002593420753584,32.07743722465444,72.41691072563418,69.92751139809076,68.67451352690499,32.8125386450027,36.75827147260361,69.69736723912084,21.89008479490602,40.634823128691835,4.095498639831966,12.597499528741958,34.155288537595695,34.49120859257013,15.574610404098735,1.6512302975554336,28.85472157972621,10.849230684216153,55.10859361119476,49.63728050718909,64.47226744949647,44.48779204076288,31.87121756448414,47.388384689892526,33.43456124577372,25.256844220455463,65.13748313550754,51.48872522063749,53.83059081121766
CP_49,103.32631645230575,133.41838172117266,93.6441088576458,93.96893892108613,102.00846341922745,124.57971884835429,111.16192032096534,148.67379820823595,140.78662182906726,85.71120216635326,79.44638816170307,109.42876480449729,91.85722562624923,83.92042006456708,97.4819799581454,87.52313202870023,92.55237589741256,84.07083683995553,60.835863099049476,66.42837863443637,120.55214247267855,118.06274314513513,108.63468107209567,80.94777039204708,84.89350321964798,59.117539063705415,70.0253165419504,88.77005487573622,52.230730386876346,52.55766707393265,74.11545608278638,39.420353474085566,58.336951662556956,49.24777340653372,26.424526895352656,37.28600106282823,95.06876115638545,89.59744805237978,53.89243927408104,29.53304032955862,56.95060329444698,74.48700136838931,31.89462861346345,37.80773398527847,105.09765068069822,34.075470784185235,80.92920748971444
CP_50,97.22117779422439,127.3132430630913,87.53897019956446,87.8638002630048,95.90332476114611,118.47458019027293,105.05678166288398,143.21907833323803,135.33190195406934,79.6060635082719,69.02021514999633,103.32362614641593,85.75208696816787,77.81528140648574,92.02726008314748,81.41799337061889,86.44723723933122,77.96569818187419,54.73072444096813,60.32323997635502,115.09742259768063,112.60802327013721,116.56590574753812,79.88411629671403,83.82984912431493,41.16316311587075,68.96166244661735,87.70640078040317,60.161955062318796,60.4888917493751,82.04668075822883,33.31521481600422,52.23181300447561,57.17899808197617,27.21173484276062,45.21722573827068,102.9999858318279,97.52867272782223,35.93806332624638,11.57866438172395,66.39337176694856,83.92976984089088,30.691572100078098,47.25050245778005,113.02887535614067,12.637408125214327,90.37197596221601
CP_51,91.53671397045095,119.40046997639044,81.85450637579102,82.17933643923135,87.99055167444524,110.56180710357206,97.14400857618311,121.41028476425738,113.52310838508869,73.92159968449846,67.65678567984828,88.39223501686283,77.839313881467,65.46548050583053,70.21846651416683,75.73352954684545,80.76277341555777,70.05292509517332,49.04626061719469,52.41046688965415,93.28862902869997,90.79922970115656,81.3711676281171,53.68425694806851,57.62998977566942,55.27424337922972,42.761803097971836,61.506541431757654,24.967216942897778,25.294153629954078,46.85194263880781,27.63075099223078,35.90764006909845,21.98425996255515,14.431597719835082,10.022487618849658,67.80524771240688,62.33393460840121,50.04914358960535,30.064668180871756,29.687089850468414,47.22348792441075,12.56284294270791,10.5442205412999,77.83413723671966,30.61700691757168,53.665694045735876
CP_52,138.46339695543247,113.35637015390347,120.96952331300523,117.72011171356247,106.91183521318376,104.51770728108511,98.22085254654712,95.33832616054268,87.45114978137399,120.84828266947999,114.58346866482981,78.24202754973112,78.91615785183102,64.01071816169159,62.44822208229135,116.13923378945628,111.10998992074396,88.97420863391184,95.97294360217622,81.5027595918223,67.21667042498527,52.12301524014686,40.2895879829689,52.22949460392957,48.43827203394308,121.76346834177471,52.81511114337963,34.07037280959381,62.773677414446816,47.64366577576561,26.08587676691188,88.46155877399276,69.54496058552137,61.892395602063004,80.92082268238009,62.915331786870034,26.72366806725868,10.603884797318491,116.53836855215035,96.55389314341676,51.08367864802649,45.2582146359149,85.5006623484276,70.22654795719501,10.239677835579664,103.55482632329137,38.81600851458977
CP_53,149.25274505140908,126.94992862083612,132.18311874468165,128.93370714523888,118.12543064486019,118.11126574801776,109.43444797822356,112.9364037441274,105.04922736495871,131.6376307654566,125.3728167608064,91.83558601666377,90.12975328350745,75.22431359336802,73.66181751396779,127.35282922113271,122.32358535242038,100.18780406558827,106.76229169815281,92.71635502349874,84.81474800856999,69.72109282373158,57.88766556655362,63.44309003560601,59.651867465619524,126.28200131466635,64.02870657505608,45.28396824127026,67.29221038733847,52.16219874865726,30.604409739803526,98.63850892766743,80.33430868149796,66.41092857495465,85.43935565527173,67.43386475976168,44.3217456508434,31.882465244771726,121.05690152504198,101.07242611630839,45.873778382421364,48.72597948987506,81.57557804929183,65.01664769158988,29.701451741038458,99.6297420241556,51.777086786880005
CP_54,106.6451086422446,121.21950217962547,96.96290104758465,97.28773111102498,89.80958387768027,112.38083930680709,98.96304077941814,122.6906283294263,114.80345195025761,89.02999435629211,82.76518035164192,89.67257858203175,79.65834608470203,66.74582407099945,71.49881007933575,90.84192421863908,94.00773858524046,71.87195729840835,64.15465528898832,54.22949909288918,94.56897259386889,92.07957326632548,81.41227871944517,54.96460051323743,58.91033334083834,84.00755469501787,44.042146663140755,61.5726122316026,26.247560508066705,25.335264721282133,46.89305373013587,56.36406230801894,37.726672272333474,23.80329216579017,43.16490903562324,25.198887516117676,67.84635880373494,62.375045699729256,78.78245490539351,58.79797949665991,36.918784402114845,54.455182476057175,41.296154258496074,27.81114593527645,77.8752483280477,59.35031823335984,60.8973885973823
CP_55,114.69747980306161,110.79509207339657,105.01527220840167,105.340102271842,97.86195503849729,101.95642920057821,93.27961143078403,104.01753635924707,96.13035998007838,97.08236551710912,90.81755151245893,75.68074946922422,73.97491673606793,59.06947704592849,57.506980966528246,98.8942953794561,102.06010974605748,79.92432845922536,72.20702644980534,62.2818702537062,75.89588062368966,60.802225438851245,48.96879818167328,47.28825348816647,43.49703091817998,91.7267360663189,47.87387002761653,29.129131693830715,32.73694513899101,17.606933500309804,14.449573192363987,64.08324367931998,45.7790434331505,31.855663326607196,50.88409040692428,32.87859951141422,35.402878265963054,29.93156516195738,86.50163627669454,66.51716086796095,10.54822868875063,17.183951660840762,46.2500283556211,29.691097997919144,45.43176779027583,64.30419233048487,23.626157782165894
CP_56,145.3335505834342,138.27704058093425,135.65134298877427,135.97617305221462,128.4980258188699,129.4383777081159,120.76155993832171,131.49948486678474,123.61230848761605,127.71843629748172,121.45362229283154,103.1626979767619,101.4568652436056,86.55142555346617,84.98892947406593,129.5303661598287,132.69618052643008,110.56039923959797,102.84309723017795,92.91794103407881,103.37782913122733,88.28417394638892,76.45074668921096,74.77020199570416,70.97897942571765,114.12910635377646,75.35581853515421,56.61108020136839,63.37301591936361,48.243004280682406,41.93152169990166,86.48561396677755,76.4151142135231,62.4917341069798,73.28646069438184,62.71825596948618,62.884826773500734,57.413513669495046,108.9040065641521,88.91953115541851,29.167773124078355,14.599535069368331,64.86957279094882,48.31064243324687,43.937476481355134,82.92373676581259,15.36114580234503
CP_57,105.74905370298792,135.84111897185483,96.06684610832798,96.39167617176832,104.43120066990963,127.00245609903645,113.5846575716475,145.6132802919634,137.7261039127947,88.13393941703544,81.86912541238526,111.85150205517945,94.27996287693139,86.34315731524926,94.42146204187287,89.9458692793824,94.97511314809474,86.49357409063771,63.25860034973166,68.85111588511855,117.49162455640601,115.0022252288626,105.57416315582316,77.88725247577455,81.83298530337545,56.54374019137464,66.96479862567787,85.70953695946369,49.17021247060382,49.497149157660125,71.05493816651386,41.84309072476775,60.11063559680449,46.187255490261194,28.643937452372047,34.2254831465557,92.00824324011293,86.53693013610726,51.318640401750265,26.95924145722784,47.341952251868605,64.87835032581094,11.640152584998138,28.19908294270009,99.89688712614617,12.183326720492492,71.32055644713607
CP_58,123.95471521137105,154.0467804802379,114.27250761671111,114.59733768015144,122.63686217829274,145.20811760741955,131.7903190800306,159.7054616524766,151.8182852733079,106.33960092541857,100.07478692076837,126.68741190508203,112.48562438531451,103.76065739404974,108.51364340238605,108.15153078776554,113.18077465647787,104.69923559902082,81.46426185811478,87.05677739350166,131.5838059169192,121.40795586751346,109.5745286103355,91.97943383628773,95.92516666388863,86.76064645839675,81.05697998619105,89.73486212249294,63.262393831117,63.589330518173306,75.05530362102621,60.048752233150864,74.20281695731768,60.279436850774374,46.849598960755166,48.31766450706888,96.00860869462528,90.5372955906196,81.53554666877238,57.17614772424995,50.0575017399116,67.59389981385394,29.845814093381257,35.76018146959984,102.61243661418916,42.4002329875146,74.03610593517907
CP_59,172.8484727823083,147.7414459807793,155.35459913988106,152.1051875404383,141.2969110400596,138.90278310796094,132.60592837342296,129.7234019874185,121.83622560824982,155.23335849635583,148.96854449170564,112.62710337660695,113.30123367870685,98.39579398856742,96.83329790916719,150.52430961633212,145.49506574761978,123.35928446078768,130.35801942905204,115.88783541869813,101.6017462518611,86.50809106702269,74.67466380984473,86.6145704308054,82.82334786081891,156.14854416865055,87.20018697025546,68.45544863646964,97.15875324132266,82.02874160264145,60.470952593787715,122.8466346008686,103.9300364123972,96.27747142893884,115.30589850925591,97.30040761374586,61.108743894134506,44.98896062419432,150.92344437902617,130.9389689702926,83.56538653271178,66.02898845876946,119.26718619958226,102.7082558418803,32.48485382091725,137.32135017444602,59.58678233744433
CP_60,136.65192516164106,128.4479992093046,126.96971756698113,127.29454763042148,119.62350123332868,119.60933633648625,110.93251856669205,121.6704434951551,113.7832671159864,119.03681087568857,112.7719968710384,93.33365660513226,91.62782387197595,76.72238418183652,75.15988810243628,120.84874073803556,123.82165594088887,101.68587465405676,94.1614718083848,84.23631561228567,93.54878775959769,78.45513257475928,66.62170531758132,64.9411606240745,61.14993805408801,107.26822500137912,65.52677716352457,46.782038829738745,54.69139049757046,39.561378858889256,32.102480328272016,79.6247326143802,67.73348879172995,53.81010868518665,66.4255793419845,54.83304486999368,53.05578540187109,47.03606442206132,102.04312521175476,82.05864980302117,22.306891771681016,4.770493697738687,58.00869143855148,41.44976108084953,31.535861793742875,76.06285541341525,2.959531114732771
CP_61,138.9682085715288,169.0602738403957,129.28600097686888,129.6108310403092,137.6503555384505,160.22161096757733,146.80381244018838,184.96610911054245,177.07893273137375,121.35309428557632,110.7672459273007,145.07065692372032,127.49911774547226,119.56231218379013,133.77429086045188,123.16502414792329,128.19426801663562,119.71272895917858,96.47775521827253,102.07027075365941,156.84445337498505,154.3550540474416,146.55854666637507,118.87163598632648,122.81736881392739,82.91019389317513,107.94918213622981,126.69392047001563,90.15459598115575,90.48153266821204,112.03932167706577,75.06224559330862,93.97884378178001,87.17163900081312,68.95876562006501,75.20986665710763,132.99262675066484,127.52131364665917,77.68509410355077,53.32569515902834,88.32633576242053,105.86273383636285,52.624536095550056,69.18346645325201,140.88127063669808,38.54978042229299,112.30493995768798
CP_62,144.36157160878764,136.1576456564512,134.6793640141277,135.00419407756806,127.33314768047529,127.31898278363283,118.64216501383865,129.38008994230168,121.49291356313299,126.74645732283516,120.48164331818498,101.04330305227884,99.33747031912254,84.43203062898311,82.86953454958287,128.55838718518214,131.53130238803547,109.39552110120337,101.87111825553139,91.94596205943225,101.25843420674427,86.16477902190586,74.3313517647279,72.6508070712211,68.8595845012346,114.97787144852573,73.23642361067115,54.49168527688533,62.40103694471704,47.27102530603584,39.8121267754186,87.33437906152682,75.44313523887654,61.51975513233323,74.13522578913111,62.54269131714026,60.76543184901767,50.567276888342214,109.75277165890137,89.76829625016778,30.016538218827606,12.480140144885274,65.71833788569808,49.15940752799612,35.067074260023766,83.77250186056185,6.490743581013662
CP_63,114.55906725394806,134.15679808689123,104.87685965928812,105.20168972272845,104.85381033403208,125.31813521407287,114.00726723576996,127.3792423727417,119.49206599357301,96.94395296799557,90.67913896334538,99.04245548271888,94.70257254105385,82.32873916541737,80.86868698002289,98.75588283034254,103.78512669905487,86.91618375476016,72.06861390069179,69.273725549241,99.25758663718429,84.16393145234588,72.33050419516792,70.54751560765536,66.85873693167461,78.29659666272681,59.62506175755868,52.49083770732535,41.830475602484626,32.08719536048619,37.81127920585862,50.65310427572788,52.770898728685296,38.847518622142,37.45395100333218,26.885746278436507,58.764584279457694,53.293271175452006,73.07149687310245,53.08702146436885,12.813477324744005,30.349875398686336,29.03706309989915,12.478132742197195,65.36841219902156,47.09122707476292,36.792081520011465
CP_64,154.28901983214695,129.18199303061797,136.79514618971976,133.54573459027696,122.73745808989827,120.34333015779961,114.04647542326163,111.16394903725718,103.27677265808849,136.67390554619448,130.4090915415443,94.06765042644562,94.74178072854552,79.83634103840609,78.27384495900586,131.9648566661708,126.93561279745846,104.79983151062635,111.79856647889072,97.3283824685368,83.04229330169977,67.94863811686136,56.1152108596834,68.05511748064407,64.26389491065758,133.26447105510823,68.64073402009413,49.89599568630831,78.59930029116133,63.46928865248012,41.911499643626385,104.28718165070727,85.37058346223587,77.71801847877751,92.4218253957136,78.74095466358453,42.549290943973176,26.42950767403299,128.03937126548385,108.05489585675026,48.3031378254101,30.766739751467767,84.00493749228056,67.44600713457861,10.929305045714544,102.05910146714433,24.324533630142636
